affiliation_id,affiliation_name,character_id,character_key,display_name,name_suffix,source_character_name,role_title,evidence_kind,evidence_source,source_id,source_name,source_url,source_date_context,source_whois_id,evidence_excerpt,confidence,review_status,notes
arda_s_army,Arda's Army,,Aaven,Aaven,,,,listed_member,2003_clans_webpage_member_list,2003_elvenrunes_clans,Elvenrunes MUME Clans page,https://elvenrunes.com/mume/clans.html,Webpage current in 2003,,Player-organised army/group. Entry consists mainly of member list.,medium,candidate,
arda_s_army,Arda's Army,char_aelor,Aelor,Aelor,,Aelor,,listed_member,2003_clans_webpage_member_list,2003_elvenrunes_clans,Elvenrunes MUME Clans page,https://elvenrunes.com/mume/clans.html,Webpage current in 2003,,Player-organised army/group. Entry consists mainly of member list.,medium,candidate,
arda_s_army,Arda's Army,char_aerie,Aerie,Aerie,,Aerie,,listed_member,2003_clans_webpage_member_list,2003_elvenrunes_clans,Elvenrunes MUME Clans page,https://elvenrunes.com/mume/clans.html,Webpage current in 2003,,Player-organised army/group. Entry consists mainly of member list.,medium,candidate,
arda_s_army,Arda's Army,char_aldweth,Aldweth,Aldweth,,Aldweth,,listed_member,2003_clans_webpage_member_list,2003_elvenrunes_clans,Elvenrunes MUME Clans page,https://elvenrunes.com/mume/clans.html,Webpage current in 2003,,Player-organised army/group. Entry consists mainly of member list.,medium,candidate,
arda_s_army,Arda's Army,char_awreth,Awreth,Awreth,,Awreth,,listed_member,2003_clans_webpage_member_list,2003_elvenrunes_clans,Elvenrunes MUME Clans page,https://elvenrunes.com/mume/clans.html,Webpage current in 2003,,Player-organised army/group. Entry consists mainly of member list.,medium,candidate,
arda_s_army,Arda's Army,,Berat,Berat,,,,listed_member,2003_clans_webpage_member_list,2003_elvenrunes_clans,Elvenrunes MUME Clans page,https://elvenrunes.com/mume/clans.html,Webpage current in 2003,,Player-organised army/group. Entry consists mainly of member list.,medium,candidate,
arda_s_army,Arda's Army,,Darien,Darien,,,,listed_member,2003_clans_webpage_member_list,2003_elvenrunes_clans,Elvenrunes MUME Clans page,https://elvenrunes.com/mume/clans.html,Webpage current in 2003,,Player-organised army/group. Entry consists mainly of member list.,medium,candidate,
arda_s_army,Arda's Army,char_dwalid,Dwalid,Dwalid,,Dwalid,,listed_member,2003_clans_webpage_member_list,2003_elvenrunes_clans,Elvenrunes MUME Clans page,https://elvenrunes.com/mume/clans.html,Webpage current in 2003,,Player-organised army/group. Entry consists mainly of member list.,medium,candidate,
arda_s_army,Arda's Army,,Euronymous,Euronymous,,,,listed_member,2003_clans_webpage_member_list,2003_elvenrunes_clans,Elvenrunes MUME Clans page,https://elvenrunes.com/mume/clans.html,Webpage current in 2003,,Player-organised army/group. Entry consists mainly of member list.,medium,candidate,
arda_s_army,Arda's Army,char_filk,Filk,Filk,,Filk,,listed_member,2003_clans_webpage_member_list,2003_elvenrunes_clans,Elvenrunes MUME Clans page,https://elvenrunes.com/mume/clans.html,Webpage current in 2003,,Player-organised army/group. Entry consists mainly of member list.,medium,candidate,
arda_s_army,Arda's Army,char_fëndor,Fëndor,Fëndor,,Fëndor,,listed_member,2003_clans_webpage_member_list,2003_elvenrunes_clans,Elvenrunes MUME Clans page,https://elvenrunes.com/mume/clans.html,Webpage current in 2003,,Player-organised army/group. Entry consists mainly of member list.,medium,candidate,
arda_s_army,Arda's Army,char_gilean,Gilean,Gilean,,Gilean,,listed_member,2003_clans_webpage_member_list,2003_elvenrunes_clans,Elvenrunes MUME Clans page,https://elvenrunes.com/mume/clans.html,Webpage current in 2003,,Player-organised army/group. Entry consists mainly of member list.,medium,candidate,
arda_s_army,Arda's Army,char_groan,Groan,Groan,,Groan,,listed_member,2003_clans_webpage_member_list,2003_elvenrunes_clans,Elvenrunes MUME Clans page,https://elvenrunes.com/mume/clans.html,Webpage current in 2003,,Player-organised army/group. Entry consists mainly of member list.,medium,candidate,
arda_s_army,Arda's Army,,Gwenyth,Gwenyth,,,,listed_member,2003_clans_webpage_member_list,2003_elvenrunes_clans,Elvenrunes MUME Clans page,https://elvenrunes.com/mume/clans.html,Webpage current in 2003,,Player-organised army/group. Entry consists mainly of member list.,medium,candidate,
arda_s_army,Arda's Army,,Gwoern,Gwoern,,,,listed_member,2003_clans_webpage_member_list,2003_elvenrunes_clans,Elvenrunes MUME Clans page,https://elvenrunes.com/mume/clans.html,Webpage current in 2003,,Player-organised army/group. Entry consists mainly of member list.,medium,candidate,
arda_s_army,Arda's Army,char_juss,Juss,Juss,,Juss,,listed_member,2003_clans_webpage_member_list,2003_elvenrunes_clans,Elvenrunes MUME Clans page,https://elvenrunes.com/mume/clans.html,Webpage current in 2003,,Player-organised army/group. Entry consists mainly of member list.,medium,candidate,
arda_s_army,Arda's Army,char_khuka,Khuka,Khuka,,Khuka,,listed_member,2003_clans_webpage_member_list,2003_elvenrunes_clans,Elvenrunes MUME Clans page,https://elvenrunes.com/mume/clans.html,Webpage current in 2003,,Player-organised army/group. Entry consists mainly of member list.,medium,candidate,
arda_s_army,Arda's Army,,Mumacik,Mumacik,,,,listed_member,2003_clans_webpage_member_list,2003_elvenrunes_clans,Elvenrunes MUME Clans page,https://elvenrunes.com/mume/clans.html,Webpage current in 2003,,Player-organised army/group. Entry consists mainly of member list.,medium,candidate,
arda_s_army,Arda's Army,char_mumma,Mumma,Mumma,,Mumma,,listed_member,2003_clans_webpage_member_list,2003_elvenrunes_clans,Elvenrunes MUME Clans page,https://elvenrunes.com/mume/clans.html,Webpage current in 2003,,Player-organised army/group. Entry consists mainly of member list.,medium,candidate,
arda_s_army,Arda's Army,,Méagyn,Méagyn,,,,listed_member,2003_clans_webpage_member_list,2003_elvenrunes_clans,Elvenrunes MUME Clans page,https://elvenrunes.com/mume/clans.html,Webpage current in 2003,,Player-organised army/group. Entry consists mainly of member list.,medium,candidate,
arda_s_army,Arda's Army,char_oddvar,Oddvar,Oddvar,,Oddvar,,listed_member,2003_clans_webpage_member_list,2003_elvenrunes_clans,Elvenrunes MUME Clans page,https://elvenrunes.com/mume/clans.html,Webpage current in 2003,,Player-organised army/group. Entry consists mainly of member list.,medium,candidate,
arda_s_army,Arda's Army,char_rackarth,Rackarth,Rackarth,,Rackarth,,listed_member,2003_clans_webpage_member_list,2003_elvenrunes_clans,Elvenrunes MUME Clans page,https://elvenrunes.com/mume/clans.html,Webpage current in 2003,,Player-organised army/group. Entry consists mainly of member list.,medium,candidate,
arda_s_army,Arda's Army,char_rackarth,Rackarth,Rackarth,,Rackarth,,whois_affiliation_name_match,whois_records_raw_text,2003_elvenrunes_clans,Elvenrunes MUME Clans page,https://elvenrunes.com/mume/clans.html,Webpage current in 2003,whois_rackarth_1781052512,"…Last login 15 years, 8 months, and 22 days ago from *.com. IM IN ARDA'S ARMY!!! I HAVE PK'd: 2 (BN's) MUME AIMS: - Get Hero level ( Do you feel lucky punk…",medium,candidate,
arda_s_army,Arda's Army,char_razer,Razer,Razer,,Razer,,listed_member,2003_clans_webpage_member_list,2003_elvenrunes_clans,Elvenrunes MUME Clans page,https://elvenrunes.com/mume/clans.html,Webpage current in 2003,,Player-organised army/group. Entry consists mainly of member list.,medium,candidate,
arda_s_army,Arda's Army,,Slithe,Slithe,,,,listed_member,2003_clans_webpage_member_list,2003_elvenrunes_clans,Elvenrunes MUME Clans page,https://elvenrunes.com/mume/clans.html,Webpage current in 2003,,Player-organised army/group. Entry consists mainly of member list.,medium,candidate,
arda_s_army,Arda's Army,char_xury,Xury,Xury,,Xury,,listed_member,2003_clans_webpage_member_list,2003_elvenrunes_clans,Elvenrunes MUME Clans page,https://elvenrunes.com/mume/clans.html,Webpage current in 2003,,Player-organised army/group. Entry consists mainly of member list.,medium,candidate,
arda_s_army,Arda's Army,,Ziglak,Ziglak,,,,listed_member,2003_clans_webpage_member_list,2003_elvenrunes_clans,Elvenrunes MUME Clans page,https://elvenrunes.com/mume/clans.html,Webpage current in 2003,,Player-organised army/group. Entry consists mainly of member list.,medium,candidate,
army_of_arthedain,Army of Arthedain,char_harduin,Harduin,Harduin,,Harduin,council member,listed_contact,2003_clans_webpage_member_list,2003_elvenrunes_clans,Elvenrunes MUME Clans page,https://elvenrunes.com/mume/clans.html,Webpage current in 2003,,Semi-RP group focused on protecting Arthedain; described as young and growing.,medium,candidate,
army_of_arthedain,Army of Arthedain,char_harduin,Harduin,Harduin,,Harduin,,whois_affiliation_name_match,whois_records_raw_text,2003_elvenrunes_clans,Elvenrunes MUME Clans page,https://elvenrunes.com/mume/clans.html,Webpage current in 2003,whois_harduin_1781052375,…Last login 18 years and 12 days ago from [numerical address]. I am a Kanokhil in the Army of Arthedain. I am married to the most lovely and beautiful of all the elven - Höelün!,medium,candidate,
army_of_arthedain,Army of Arthedain,,Höelun,Höelun,,,council member,listed_contact,2003_clans_webpage_member_list,2003_elvenrunes_clans,Elvenrunes MUME Clans page,https://elvenrunes.com/mume/clans.html,Webpage current in 2003,,Semi-RP group focused on protecting Arthedain; described as young and growing.,medium,candidate,
army_of_arthedain,Army of Arthedain,char_ilwin,Ilwin,Ilwin,,Ilwin,council member,listed_contact,2003_clans_webpage_member_list,2003_elvenrunes_clans,Elvenrunes MUME Clans page,https://elvenrunes.com/mume/clans.html,Webpage current in 2003,,Semi-RP group focused on protecting Arthedain; described as young and growing.,medium,candidate,
army_of_arthedain,Army of Arthedain,char_ilwin,Ilwin,Ilwin,,Ilwin,,whois_acronym_match,whois_records_raw_text,2003_elvenrunes_clans,Elvenrunes MUME Clans page,https://elvenrunes.com/mume/clans.html,Webpage current in 2003,whois_ilwin_1781052392,"Ilwin Ironfist, the Xper [AOA] is a level forty-three Dwarven Battlemaster [Retired]. Last login 6 years, 1 month,…",candidate,candidate,Acronym can be ambiguous; review matches.
army_of_arthedain,Army of Arthedain,char_röxic,Röxic,Röxic,,Röxic,council member,listed_contact,2003_clans_webpage_member_list,2003_elvenrunes_clans,Elvenrunes MUME Clans page,https://elvenrunes.com/mume/clans.html,Webpage current in 2003,,Semi-RP group focused on protecting Arthedain; described as young and growing.,medium,candidate,
army_of_arthedain,Army of Arthedain,char_tendor,Tendor,Tendor,,Tendor,council member,listed_contact,2003_clans_webpage_member_list,2003_elvenrunes_clans,Elvenrunes MUME Clans page,https://elvenrunes.com/mume/clans.html,Webpage current in 2003,,Semi-RP group focused on protecting Arthedain; described as young and growing.,medium,candidate,
black_shadow_clan,Black Shadow Clan,char_elrik,Elrik,Elrik,,Elrik,,whois_affiliation_name_match,whois_records_raw_text,2003_elvenrunes_clans,Elvenrunes MUME Clans page,https://elvenrunes.com/mume/clans.html,Webpage current in 2003,whois_elrik_1780908607,Elrik the black istar of the Black Shadow Clan is a Black Númenórean [Retired]. http://bsc.mandor.se/,medium,candidate,
black_shadow_clan,Black Shadow Clan,char_granvil,Granvil,Granvil,,Granvil,,whois_affiliation_name_match,whois_records_raw_text,2003_elvenrunes_clans,Elvenrunes MUME Clans page,https://elvenrunes.com/mume/clans.html,Webpage current in 2003,whois_granvil_1780909536,Granvil the Senile Granny of Black Shadow Clan is a level fifty-four Black Númenórean Envoy [Retired]. The reborn Senile Granny of…,medium,candidate,
black_shadow_clan,Black Shadow Clan,char_hate,Hate,Hate,,Hate,,whois_affiliation_name_match,whois_records_raw_text,2003_elvenrunes_clans,Elvenrunes MUME Clans page,https://elvenrunes.com/mume/clans.html,Webpage current in 2003,whois_hate_1780909821,Hate - Twisted Soul of the Black Shadow Clan is a level thirty-one Black Númenórean Warlock [Retired]. What's the smell of the th…,medium,candidate,
black_shadow_clan,Black Shadow Clan,char_ivanushka,Ivanushka,Ivanushka,,Ivanushka,,whois_affiliation_name_match,whois_records_raw_text,2003_elvenrunes_clans,Elvenrunes MUME Clans page,https://elvenrunes.com/mume/clans.html,Webpage current in 2003,whois_ivanushka_1780912054,"Ivanushka Foolproof of Black Shadow Clan is a Black Númenórean [Retired]. Don't drink from the pool Ivanushka! , she said. But…",medium,candidate,
black_shadow_clan,Black Shadow Clan,char_lotheila,Lotheila,Lotheila,,Lotheila,,whois_affiliation_name_match,whois_records_raw_text,2003_elvenrunes_clans,Elvenrunes MUME Clans page,https://elvenrunes.com/mume/clans.html,Webpage current in 2003,whois_lotheila_1780913030,Lotheila The Evil Snake of Black Shadow Clan is a Black Númenórean. GER i dont enchant sorry...,medium,candidate,
black_shadow_clan,Black Shadow Clan,char_lâirâthim,Lâirâthim,Lâirâthim,,Lâirâthim,,whois_affiliation_name_match,whois_records_raw_text,2003_elvenrunes_clans,Elvenrunes MUME Clans page,https://elvenrunes.com/mume/clans.html,Webpage current in 2003,whois_lâirâthim_1780912743,Lâirâthim - Backfire of the Black Shadow Clan is a Black Númenórean [Retired]. |\ |\ .(' *) ' .…,medium,candidate,
black_shadow_clan,Black Shadow Clan,char_morholt,Morholt,Morholt,,Morholt,,whois_affiliation_name_match,whois_records_raw_text,2003_elvenrunes_clans,Elvenrunes MUME Clans page,https://elvenrunes.com/mume/clans.html,Webpage current in 2003,whois_morholt_1780913632,"Morholt The Headhunter of Black Shadow Clan is a Black Númenórean. Thanks for looting most including darkie only items,",medium,candidate,
black_shadow_clan,Black Shadow Clan,char_mortis,Mortis,Mortis,,Mortis,,whois_affiliation_name_match,whois_records_raw_text,2003_elvenrunes_clans,Elvenrunes MUME Clans page,https://elvenrunes.com/mume/clans.html,Webpage current in 2003,whois_mortis_1780913683,Mortis the Harbinger of the Black Shadow Clan is a Black Númenórean [Retired].,medium,candidate,
black_shadow_clan,Black Shadow Clan,char_oscarmeyer,OscarMeyer,OscarMeyer,,Oscarmeyer,,listed_contact,2003_clans_webpage_member_list,2003_elvenrunes_clans,Elvenrunes MUME Clans page,https://elvenrunes.com/mume/clans.html,Webpage current in 2003,,Highly selective Sauron-aligned clan.,medium,candidate,Named contact/author of recruitment text.
black_shadow_clan,Black Shadow Clan,char_oscarmeyer,Oscarmeyer,Oscarmeyer,,Oscarmeyer,,whois_affiliation_name_match,whois_records_raw_text,2003_elvenrunes_clans,Elvenrunes MUME Clans page,https://elvenrunes.com/mume/clans.html,Webpage current in 2003,whois_oscarmeyer_1780914294,"Oscarmeyer the Evasion Expert of Black Shadow Clan is a level fifty-two Black Númenórean Murderer [Retired]. Oh, dance in the dark of n…",medium,candidate,
black_shadow_clan,Black Shadow Clan,char_snowball,Snowball,Snowball,,Snowball,,whois_affiliation_name_match,whois_records_raw_text,2003_elvenrunes_clans,Elvenrunes MUME Clans page,https://elvenrunes.com/mume/clans.html,Webpage current in 2003,whois_snowball_1780915997,"Snowball - Firekeeper of the Black Shadow Clan is a Black Númenórean [Retired]. Im Mesmerized in every way,…",medium,candidate,
carrock_of_anduin,Carrock of Anduin,,Ethoe,Ethoe,,,,listed_contact,2003_clans_webpage_member_list,2003_elvenrunes_clans,Elvenrunes MUME Clans page,https://elvenrunes.com/mume/clans.html,Webpage current in 2003,,Beorning group formed for protection and future attacks against Sauron’s forces.,medium,candidate,
damage_inc,Damage Inc.,char_kochurma,Kochurma,Kochurma,,Kochurma,,listed_member,2003_clans_webpage_member_list,2003_elvenrunes_clans,Elvenrunes MUME Clans page,https://elvenrunes.com/mume/clans.html,Webpage current in 2003,,Mercenary orc smiter clan; names/whois inspired by Metallica song.,medium,candidate,
damage_inc,Damage Inc.,char_kunduk,Kunduk,Kunduk,,Kunduk,special member,listed_member,2003_clans_webpage_member_list,2003_elvenrunes_clans,Elvenrunes MUME Clans page,https://elvenrunes.com/mume/clans.html,Webpage current in 2003,,Mercenary orc smiter clan; names/whois inspired by Metallica song.,medium,candidate,
damage_inc,Damage Inc.,char_piastr,Piastr,Piastr,,Piastr,,listed_member,2003_clans_webpage_member_list,2003_elvenrunes_clans,Elvenrunes MUME Clans page,https://elvenrunes.com/mume/clans.html,Webpage current in 2003,,Mercenary orc smiter clan; names/whois inspired by Metallica song.,medium,candidate,
damage_inc,Damage Inc.,char_stolb,Stolb,Stolb,,Stolb,,listed_member,2003_clans_webpage_member_list,2003_elvenrunes_clans,Elvenrunes MUME Clans page,https://elvenrunes.com/mume/clans.html,Webpage current in 2003,,Mercenary orc smiter clan; names/whois inspired by Metallica song.,medium,candidate,
damage_inc,Damage Inc.,char_zmej,Zmej,Zmej,,Zmej,,listed_member,2003_clans_webpage_member_list,2003_elvenrunes_clans,Elvenrunes MUME Clans page,https://elvenrunes.com/mume/clans.html,Webpage current in 2003,,Mercenary orc smiter clan; names/whois inspired by Metallica song.,medium,candidate,
dead_horse_squad,Dead Horse Squad,,Euronymous,Euronymous,,,,listed_contact,2003_clans_webpage_member_list,2003_elvenrunes_clans,Elvenrunes MUME Clans page,https://elvenrunes.com/mume/clans.html,Webpage current in 2003,,Very short entry: growing.,medium,candidate,
durin_s_army,Durin's Army,char_ardent,Ardent,Ardent the Faithful,the Faithful,Ardent,,listed_member,2003_clans_webpage_member_list,2003_elvenrunes_clans,Elvenrunes MUME Clans page,https://elvenrunes.com/mume/clans.html,Webpage current in 2003,,"Founded to combat evil in Arda; leadership roles listed as Chieftain, Chancellor, Warmaster.",medium,candidate,
durin_s_army,Durin's Army,char_ardent,Ardent,Ardent,,Ardent,,whois_affiliation_name_match,whois_records_raw_text,2003_elvenrunes_clans,Elvenrunes MUME Clans page,https://elvenrunes.com/mume/clans.html,Webpage current in 2003,whois_ardent_1780899446,"Ardent the Faithful, Prophet of Durin's Army is a level forty-six Dwarven Patriarch [Retired]. Last login 6 months ago from [numer…",medium,candidate,
durin_s_army,Durin's Army,char_burli,Burli,Burli Basher,Basher,Burli,,listed_member,2003_clans_webpage_member_list,2003_elvenrunes_clans,Elvenrunes MUME Clans page,https://elvenrunes.com/mume/clans.html,Webpage current in 2003,,"Founded to combat evil in Arda; leadership roles listed as Chieftain, Chancellor, Warmaster.",medium,candidate,
durin_s_army,Durin's Army,,Dòne,Dòne Bloodshed,Bloodshed,,,listed_member,2003_clans_webpage_member_list,2003_elvenrunes_clans,Elvenrunes MUME Clans page,https://elvenrunes.com/mume/clans.html,Webpage current in 2003,,"Founded to combat evil in Arda; leadership roles listed as Chieftain, Chancellor, Warmaster.",medium,candidate,
durin_s_army,Durin's Army,char_fari,Fari,Fari Khórad,Khórad,Fari,Warmaster,founder,2003_clans_webpage_member_list,2003_elvenrunes_clans,Elvenrunes MUME Clans page,https://elvenrunes.com/mume/clans.html,Webpage current in 2003,,"Founded to combat evil in Arda; leadership roles listed as Chieftain, Chancellor, Warmaster.",medium_high,candidate,
durin_s_army,Durin's Army,char_fari,Fari,Fari,,Fari,,whois_affiliation_name_match,whois_records_raw_text,2003_elvenrunes_clans,Elvenrunes MUME Clans page,https://elvenrunes.com/mume/clans.html,Webpage current in 2003,whois_fari_1781052317,"Fari Feelin Lucky, Gambler of Durin's Army is a Dwarf [Retired].",medium,candidate,
durin_s_army,Durin's Army,char_grumph,Grumph,Grumph Hrothgar,Hrothgar,Grumph,,listed_member,2003_clans_webpage_member_list,2003_elvenrunes_clans,Elvenrunes MUME Clans page,https://elvenrunes.com/mume/clans.html,Webpage current in 2003,,"Founded to combat evil in Arda; leadership roles listed as Chieftain, Chancellor, Warmaster.",medium,candidate,
durin_s_army,Durin's Army,char_grumph,Grumph,Grumph,,Grumph,,whois_affiliation_name_match,whois_records_raw_text,2003_elvenrunes_clans,Elvenrunes MUME Clans page,https://elvenrunes.com/mume/clans.html,Webpage current in 2003,whois_grumph_1780909630,"Grumph Hrothgar, Sniffer of Durin's Army is a Dwarf [Retired]. Last login 13 years, 2 months, and 13 days ago.",medium,candidate,
durin_s_army,Durin's Army,char_gròk,Gròk,Gròk Roks,Roks,Gròk,,listed_member,2003_clans_webpage_member_list,2003_elvenrunes_clans,Elvenrunes MUME Clans page,https://elvenrunes.com/mume/clans.html,Webpage current in 2003,,"Founded to combat evil in Arda; leadership roles listed as Chieftain, Chancellor, Warmaster.",medium,candidate,
durin_s_army,Durin's Army,char_gròk,Gròk,Gròk,,Gròk,,whois_affiliation_name_match,whois_records_raw_text,2003_elvenrunes_clans,Elvenrunes MUME Clans page,https://elvenrunes.com/mume/clans.html,Webpage current in 2003,whois_gròk_1780909597,"Gròk Róks, Warmonger of Durin's Army is a level thirty-seven Dwarven Bodyguard [Retired]. Last login 13 years, 2 months, a…",medium,candidate,
durin_s_army,Durin's Army,char_kibgil,Kibgil,Kibgil Swiftfoot,Swiftfoot,Kibgil,,listed_member,2003_clans_webpage_member_list,2003_elvenrunes_clans,Elvenrunes MUME Clans page,https://elvenrunes.com/mume/clans.html,Webpage current in 2003,,"Founded to combat evil in Arda; leadership roles listed as Chieftain, Chancellor, Warmaster.",medium,candidate,
durin_s_army,Durin's Army,char_kibgil,Kibgil,Kibgil,,Kibgil,,whois_affiliation_name_match,whois_records_raw_text,2003_elvenrunes_clans,Elvenrunes MUME Clans page,https://elvenrunes.com/mume/clans.html,Webpage current in 2003,whois_kibgil_1781052404,"Kibgil and Bits, the Wall of Durin's Army is a Dwarf [Retired]. I am not a ranger, and am done answering questions. Unless you…",medium,candidate,
durin_s_army,Durin's Army,char_lian,Lian,Lian,,Lian,,listed_member,2003_clans_webpage_member_list,2003_elvenrunes_clans,Elvenrunes MUME Clans page,https://elvenrunes.com/mume/clans.html,Webpage current in 2003,,"Founded to combat evil in Arda; leadership roles listed as Chieftain, Chancellor, Warmaster.",medium,candidate,
durin_s_army,Durin's Army,char_lian,Lian,Lian,,Lian,,whois_affiliation_name_match,whois_records_raw_text,2003_elvenrunes_clans,Elvenrunes MUME Clans page,https://elvenrunes.com/mume/clans.html,Webpage current in 2003,whois_lian_1781052449,"Lian, Patriarch of Durin's Army is a level twenty-eight Dwarven Patriarch [Retired]. Last login 2 years, 9 months, an…",medium,candidate,
durin_s_army,Durin's Army,char_líëf,Líëf,Líëf O'le,O'le,Líëf,Chieftain,founder,2003_clans_webpage_member_list,2003_elvenrunes_clans,Elvenrunes MUME Clans page,https://elvenrunes.com/mume/clans.html,Webpage current in 2003,,"Founded to combat evil in Arda; leadership roles listed as Chieftain, Chancellor, Warmaster.",medium_high,candidate,
durin_s_army,Durin's Army,char_líëf,Líëf,Líëf,,Líëf,,whois_affiliation_name_match,whois_records_raw_text,2003_elvenrunes_clans,Elvenrunes MUME Clans page,https://elvenrunes.com/mume/clans.html,Webpage current in 2003,whois_líëf_1780912894,"Líëf O'le, Commander of Durin's Army is a Dwarf [Retired]. There are two yous that exist. The you that is in your mind, and…",medium,candidate,
durin_s_army,Durin's Army,char_nari,Nari,Nari Khórad,Khórad,Nari,Chancellor,founder,2003_clans_webpage_member_list,2003_elvenrunes_clans,Elvenrunes MUME Clans page,https://elvenrunes.com/mume/clans.html,Webpage current in 2003,,"Founded to combat evil in Arda; leadership roles listed as Chieftain, Chancellor, Warmaster.",medium_high,candidate,
durin_s_army,Durin's Army,char_nari,Nari,Nari,,Nari,,whois_affiliation_name_match,whois_records_raw_text,2003_elvenrunes_clans,Elvenrunes MUME Clans page,https://elvenrunes.com/mume/clans.html,Webpage current in 2003,whois_nari_1780913927,"Nari Khórad, Chancellor of Durin's Army is a level thirty-nine Dwarven Warden [Retired]. Last login 10 years, 1 month, and 17…",medium,candidate,
durin_s_army,Durin's Army,char_ritz,Ritz,Ritz Blitz,Blitz,Ritz,,listed_member,2003_clans_webpage_member_list,2003_elvenrunes_clans,Elvenrunes MUME Clans page,https://elvenrunes.com/mume/clans.html,Webpage current in 2003,,"Founded to combat evil in Arda; leadership roles listed as Chieftain, Chancellor, Warmaster.",medium,candidate,
durin_s_army,Durin's Army,char_roy,Roy,Roy Boy,Boy,Roy,,listed_member,2003_clans_webpage_member_list,2003_elvenrunes_clans,Elvenrunes MUME Clans page,https://elvenrunes.com/mume/clans.html,Webpage current in 2003,,"Founded to combat evil in Arda; leadership roles listed as Chieftain, Chancellor, Warmaster.",medium,candidate,
durin_s_army,Durin's Army,char_roy,Roy,Roy,,Roy,,whois_affiliation_name_match,whois_records_raw_text,2003_elvenrunes_clans,Elvenrunes MUME Clans page,https://elvenrunes.com/mume/clans.html,Webpage current in 2003,whois_roy_1781052535,"Roy Boy, Jester of Durin's Army is a Dwarf [Retired]. Last login 21 years and 7 months ago.",medium,candidate,
durin_s_army,Durin's Army,char_strah,Strah,Strah The Protector,The Protector,Strah,,listed_member,2003_clans_webpage_member_list,2003_elvenrunes_clans,Elvenrunes MUME Clans page,https://elvenrunes.com/mume/clans.html,Webpage current in 2003,,"Founded to combat evil in Arda; leadership roles listed as Chieftain, Chancellor, Warmaster.",medium,candidate,
durin_s_army,Durin's Army,char_strah,Strah,Strah,,Strah,,whois_affiliation_name_match,whois_records_raw_text,2003_elvenrunes_clans,Elvenrunes MUME Clans page,https://elvenrunes.com/mume/clans.html,Webpage current in 2003,whois_strah_1781052558,"Strah The Protector of Durin's Army is a level thirty-two Dwarven Axemaster [Retired]. Last login 21 years, 9 months, and…",medium,candidate,
durin_s_army,Durin's Army,char_téar,Téar,Téar Oldenburg,Oldenburg,Téar,,listed_member,2003_clans_webpage_member_list,2003_elvenrunes_clans,Elvenrunes MUME Clans page,https://elvenrunes.com/mume/clans.html,Webpage current in 2003,,"Founded to combat evil in Arda; leadership roles listed as Chieftain, Chancellor, Warmaster.",medium,candidate,
durin_s_army,Durin's Army,char_uber,Uber,Uber Gukmo,Gukmo,Uber,,listed_member,2003_clans_webpage_member_list,2003_elvenrunes_clans,Elvenrunes MUME Clans page,https://elvenrunes.com/mume/clans.html,Webpage current in 2003,,"Founded to combat evil in Arda; leadership roles listed as Chieftain, Chancellor, Warmaster.",medium,candidate,
durin_s_army,Durin's Army,char_vräsh,Vräsh,Vräsh Ugmök,Ugmök,Vräsh,,listed_member,2003_clans_webpage_member_list,2003_elvenrunes_clans,Elvenrunes MUME Clans page,https://elvenrunes.com/mume/clans.html,Webpage current in 2003,,"Founded to combat evil in Arda; leadership roles listed as Chieftain, Chancellor, Warmaster.",medium,candidate,
durin_s_house,Durin's House,char_brawn,Brawn,Brawn,,Brawn,founder; elder; emissary,founder,2003_clans_webpage_member_list,2003_elvenrunes_clans,Elvenrunes MUME Clans page,https://elvenrunes.com/mume/clans.html,Webpage current in 2003,,"Dwarven house/clan, originally Thorin's Tribe, later renamed Durin's House.",medium_high,candidate,Founder; formerly associated with Thorin's Tribe.
durin_s_house,Durin's House,char_brawn,Brawn,Brawn Firmfoot,Firmfoot,Brawn,,listed_member,2003_clans_webpage_member_list,2003_elvenrunes_clans,Elvenrunes MUME Clans page,https://elvenrunes.com/mume/clans.html,Webpage current in 2003,,"Dwarven house/clan, originally Thorin's Tribe, later renamed Durin's House.",medium,candidate,
durin_s_house,Durin's House,char_bruni,Bruni,Bruni,,Bruni,founder; elder,founder,2003_clans_webpage_member_list,2003_elvenrunes_clans,Elvenrunes MUME Clans page,https://elvenrunes.com/mume/clans.html,Webpage current in 2003,,"Dwarven house/clan, originally Thorin's Tribe, later renamed Durin's House.",medium_high,candidate,Founder; formerly associated with Thorin's Tribe.
durin_s_house,Durin's House,char_bruni,Bruni,Bruni Brighthead,Brighthead,Bruni,,listed_member,2003_clans_webpage_member_list,2003_elvenrunes_clans,Elvenrunes MUME Clans page,https://elvenrunes.com/mume/clans.html,Webpage current in 2003,,"Dwarven house/clan, originally Thorin's Tribe, later renamed Durin's House.",medium,candidate,
durin_s_house,Durin's House,char_bruni,Bruni,Bruni,,Bruni,,whois_affiliation_name_match,whois_records_raw_text,2003_elvenrunes_clans,Elvenrunes MUME Clans page,https://elvenrunes.com/mume/clans.html,Webpage current in 2003,whois_bruni_1780907288,"Bruni Brighthead, Intelligent of Durin's House is a level forty Dwarven Patriarch [Retired]. Last login 13 years and 5 days ago from…",medium,candidate,
durin_s_house,Durin's House,char_coco,Coco,Coco NutsHead,NutsHead,Coco,apprentice,listed_member,2003_clans_webpage_member_list,2003_elvenrunes_clans,Elvenrunes MUME Clans page,https://elvenrunes.com/mume/clans.html,Webpage current in 2003,,"Dwarven house/clan, originally Thorin's Tribe, later renamed Durin's House.",medium,candidate,
durin_s_house,Durin's House,char_condor,Condor,Condor Headslayer,Headslayer,Condor,,listed_member,2003_clans_webpage_member_list,2003_elvenrunes_clans,Elvenrunes MUME Clans page,https://elvenrunes.com/mume/clans.html,Webpage current in 2003,,"Dwarven house/clan, originally Thorin's Tribe, later renamed Durin's House.",medium,candidate,
durin_s_house,Durin's House,char_condor,Condor,Condor,,Condor,,whois_affiliation_name_match,whois_records_raw_text,2003_elvenrunes_clans,Elvenrunes MUME Clans page,https://elvenrunes.com/mume/clans.html,Webpage current in 2003,whois_condor_1781052260,"Condor Headslayer, Gladiator of Durin's House is a level fifty-nine Dwarven Battlemaster [Retired]. Last login 7 years, 5 months, a…",medium,candidate,
durin_s_house,Durin's House,char_doreth,Doreth,Doreth Lightfoot,Lightfoot,Doreth,,listed_member,2003_clans_webpage_member_list,2003_elvenrunes_clans,Elvenrunes MUME Clans page,https://elvenrunes.com/mume/clans.html,Webpage current in 2003,,"Dwarven house/clan, originally Thorin's Tribe, later renamed Durin's House.",medium,candidate,
durin_s_house,Durin's House,char_doreth,Doreth,Doreth,,Doreth,,whois_affiliation_name_match,whois_records_raw_text,2003_elvenrunes_clans,Elvenrunes MUME Clans page,https://elvenrunes.com/mume/clans.html,Webpage current in 2003,whois_doreth_1780908089,"Doreth Lightfoot, Messenger of Durin's House is a Dwarf [Retired]. Last login 10 months and 17 days ago from *.ee. I'm old, just plai…",medium,candidate,
durin_s_house,Durin's House,char_eld,Eld,Eld Clearthought,Clearthought,Eld,,listed_member,2003_clans_webpage_member_list,2003_elvenrunes_clans,Elvenrunes MUME Clans page,https://elvenrunes.com/mume/clans.html,Webpage current in 2003,,"Dwarven house/clan, originally Thorin's Tribe, later renamed Durin's House.",medium,candidate,
durin_s_house,Durin's House,char_eld,Eld,Eld,,Eld,,whois_affiliation_name_match,whois_records_raw_text,2003_elvenrunes_clans,Elvenrunes MUME Clans page,https://elvenrunes.com/mume/clans.html,Webpage current in 2003,whois_eld_1781052293,"Eld Clearthought, Herbalist of Durin's House is a level forty-seven Dwarven Hero [Retired]. Last login 4 months and 28 days ago fr…",medium,candidate,
durin_s_house,Durin's House,char_erath,Erath,Erath Soulblade,Soulblade,Erath,,listed_member,2003_clans_webpage_member_list,2003_elvenrunes_clans,Elvenrunes MUME Clans page,https://elvenrunes.com/mume/clans.html,Webpage current in 2003,,"Dwarven house/clan, originally Thorin's Tribe, later renamed Durin's House.",medium,candidate,
durin_s_house,Durin's House,char_erath,Erath,Erath,,Erath,,whois_affiliation_name_match,whois_records_raw_text,2003_elvenrunes_clans,Elvenrunes MUME Clans page,https://elvenrunes.com/mume/clans.html,Webpage current in 2003,whois_erath_1781052299,"Erath Soulblade, Warrior of Durin's House is a level eighty Dwarven Hero [Retired]. Last login 11 years, 10 months, and 8 days…",medium,candidate,
durin_s_house,Durin's House,char_floi,Floi,Floi Darkbeard,Darkbeard,Floi,,listed_member,2003_clans_webpage_member_list,2003_elvenrunes_clans,Elvenrunes MUME Clans page,https://elvenrunes.com/mume/clans.html,Webpage current in 2003,,"Dwarven house/clan, originally Thorin's Tribe, later renamed Durin's House.",medium,candidate,
durin_s_house,Durin's House,char_flói,Flói,Flói,,Flói,,whois_affiliation_name_match,whois_records_raw_text,2003_elvenrunes_clans,Elvenrunes MUME Clans page,https://elvenrunes.com/mume/clans.html,Webpage current in 2003,whois_flói_1780909041,"Flói Darkbeard, Quickblade of Durin's House is a level sixty-one Longbeard Hero [Retired]. Last login 2 months and 28 days ago. .…",medium,candidate,
durin_s_house,Durin's House,char_fragir,Fragir,Fragir Exorcist,Exorcist,Fragir,,listed_member,2003_clans_webpage_member_list,2003_elvenrunes_clans,Elvenrunes MUME Clans page,https://elvenrunes.com/mume/clans.html,Webpage current in 2003,,"Dwarven house/clan, originally Thorin's Tribe, later renamed Durin's House.",medium,candidate,
durin_s_house,Durin's House,char_fragir,Fragir,Fragir,,Fragir,,whois_affiliation_name_match,whois_records_raw_text,2003_elvenrunes_clans,Elvenrunes MUME Clans page,https://elvenrunes.com/mume/clans.html,Webpage current in 2003,whois_fragir_1780909085,"Fragir the Exorcist, Monk of Durin's House is a level seventy-five Dwarven Priest. Last login 1 month and 28 days ago from [nume…",medium,candidate,
durin_s_house,Durin's House,char_fragir,Fragir,Fragir,,Fragir,,whois_affiliation_name_match,whois_records_raw_text,2003_elvenrunes_clans,Elvenrunes MUME Clans page,https://elvenrunes.com/mume/clans.html,Webpage current in 2003,whois_fragir_1780961941,"Fragir the Exorcist, Monk of Durin's House is a level seventy-five Dwarven Priest. Last login 1 month and 28 days ago from [nume…",medium,candidate,
durin_s_house,Durin's House,char_grunga,Grunga,Grunga Nimblefinger,Nimblefinger,Grunga,,listed_member,2003_clans_webpage_member_list,2003_elvenrunes_clans,Elvenrunes MUME Clans page,https://elvenrunes.com/mume/clans.html,Webpage current in 2003,,"Dwarven house/clan, originally Thorin's Tribe, later renamed Durin's House.",medium,candidate,
durin_s_house,Durin's House,char_grunga,Grunga,Grunga,,Grunga,,whois_affiliation_name_match,whois_records_raw_text,2003_elvenrunes_clans,Elvenrunes MUME Clans page,https://elvenrunes.com/mume/clans.html,Webpage current in 2003,whois_grunga_1781052357,"Grunga Nimblefinger, Maiden of Durin's House is a level forty-seven Dwarven Battlemistress [Retired]. Last login 14 years, 7 m…",medium,candidate,
durin_s_house,Durin's House,char_grunganator,Grunganator,Grunganator Largefeet,Largefeet,Grunganator,,listed_member,2003_clans_webpage_member_list,2003_elvenrunes_clans,Elvenrunes MUME Clans page,https://elvenrunes.com/mume/clans.html,Webpage current in 2003,,"Dwarven house/clan, originally Thorin's Tribe, later renamed Durin's House.",medium,candidate,
durin_s_house,Durin's House,char_grunganator,Grunganator,Grunganator,,Grunganator,,whois_affiliation_name_match,whois_records_raw_text,2003_elvenrunes_clans,Elvenrunes MUME Clans page,https://elvenrunes.com/mume/clans.html,Webpage current in 2003,whois_grunganator_1780909636,"Grunganator Largefeet, Berserker of Durin's House is a level fifty-five Dwarven Battlemaster [Retired]. Last login 9 years, 2 months, a…",medium,candidate,
durin_s_house,Durin's House,char_hanr,Hanr,Hanr Whitebeard,Whitebeard,Hanr,apprentice,listed_member,2003_clans_webpage_member_list,2003_elvenrunes_clans,Elvenrunes MUME Clans page,https://elvenrunes.com/mume/clans.html,Webpage current in 2003,,"Dwarven house/clan, originally Thorin's Tribe, later renamed Durin's House.",medium,candidate,
durin_s_house,Durin's House,char_hanr,Hanr,Hanr,,Hanr,,whois_affiliation_name_match,whois_records_raw_text,2003_elvenrunes_clans,Elvenrunes MUME Clans page,https://elvenrunes.com/mume/clans.html,Webpage current in 2003,whois_hanr_1780909782,"Hanr Whitebeard, Veteran of Durin's House is a level thirty-seven Dwarven Warden [Retired]. Last login 18 years, 1 month, and 1…",medium,candidate,
durin_s_house,Durin's House,char_loreth,Loreth,Loreth Beerbelly,Beerbelly,Loreth,,listed_member,2003_clans_webpage_member_list,2003_elvenrunes_clans,Elvenrunes MUME Clans page,https://elvenrunes.com/mume/clans.html,Webpage current in 2003,,"Dwarven house/clan, originally Thorin's Tribe, later renamed Durin's House.",medium,candidate,
durin_s_house,Durin's House,char_loreth,Loreth,Loreth,,Loreth,,whois_affiliation_name_match,whois_records_raw_text,2003_elvenrunes_clans,Elvenrunes MUME Clans page,https://elvenrunes.com/mume/clans.html,Webpage current in 2003,whois_loreth_1781052465,"Loreth Beerbelly, Brewer of Durin's House is a level seventy-three Dwarven Champion [Retired]. Last login 10 years, 5 months, a…",medium,candidate,
durin_s_house,Durin's House,char_nator,Nator,Nator Bloodlust,Bloodlust,Nator,,listed_member,2003_clans_webpage_member_list,2003_elvenrunes_clans,Elvenrunes MUME Clans page,https://elvenrunes.com/mume/clans.html,Webpage current in 2003,,"Dwarven house/clan, originally Thorin's Tribe, later renamed Durin's House.",medium,candidate,
durin_s_house,Durin's House,char_nator,Nator,Nator,,Nator,,whois_affiliation_name_match,whois_records_raw_text,2003_elvenrunes_clans,Elvenrunes MUME Clans page,https://elvenrunes.com/mume/clans.html,Webpage current in 2003,whois_nator_1781052489,"Nator Bloodlust, Guardian of Durin's House is a level eighty-six Broadbeam Hero [Retired]. Last login 1 year, 3 months, and 12 d…",medium,candidate,
durin_s_house,Durin's House,char_shwash,Shwash,Shwash Bummer,Bummer,Shwash,elder,listed_member,2003_clans_webpage_member_list,2003_elvenrunes_clans,Elvenrunes MUME Clans page,https://elvenrunes.com/mume/clans.html,Webpage current in 2003,,"Dwarven house/clan, originally Thorin's Tribe, later renamed Durin's House.",medium,candidate,Old and retired; listed among elders.
durin_s_house,Durin's House,char_shwash,Shwash,Shwash Bummer,Bummer,Shwash,,listed_member,2003_clans_webpage_member_list,2003_elvenrunes_clans,Elvenrunes MUME Clans page,https://elvenrunes.com/mume/clans.html,Webpage current in 2003,,"Dwarven house/clan, originally Thorin's Tribe, later renamed Durin's House.",medium,candidate,
durin_s_house,Durin's House,char_shwash,Shwash,Shwash,,Shwash,,whois_affiliation_name_match,whois_records_raw_text,2003_elvenrunes_clans,Elvenrunes MUME Clans page,https://elvenrunes.com/mume/clans.html,Webpage current in 2003,whois_shwash_1781052547,"Shwash Bummer, Drunkard of Durin's House is a level fifty-three Firebeard Hero. Last login 1 month and 13 days ago from *.ee.",medium,candidate,
durin_s_house,Durin's House,char_tezcatlipoca,Tezcatlipoca,Tezcatlipoca Thunderblade,Thunderblade,Tezcatlipoca,,listed_member,2003_clans_webpage_member_list,2003_elvenrunes_clans,Elvenrunes MUME Clans page,https://elvenrunes.com/mume/clans.html,Webpage current in 2003,,"Dwarven house/clan, originally Thorin's Tribe, later renamed Durin's House.",medium,candidate,
durin_s_house,Durin's House,char_tezcatlipoca,Tezcatlipoca,Tezcatlipoca,,Tezcatlipoca,,whois_affiliation_name_match,whois_records_raw_text,2003_elvenrunes_clans,Elvenrunes MUME Clans page,https://elvenrunes.com/mume/clans.html,Webpage current in 2003,whois_tezcatlipoca_1780916400,"Tezcatlipoca Thunderblade, Warden of Durin's House is a level fifty Dwarven Hero [Retired]. Last login 3 years, 6 months, and 18 days ag…",medium,candidate,
durin_s_house,Durin's House,char_tha,Tha,Tha Darksoul,Darksoul,Tha,,listed_member,2003_clans_webpage_member_list,2003_elvenrunes_clans,Elvenrunes MUME Clans page,https://elvenrunes.com/mume/clans.html,Webpage current in 2003,,"Dwarven house/clan, originally Thorin's Tribe, later renamed Durin's House.",medium,candidate,
durin_s_house,Durin's House,char_tha,Tha,Tha,,Tha,,whois_affiliation_name_match,whois_records_raw_text,2003_elvenrunes_clans,Elvenrunes MUME Clans page,https://elvenrunes.com/mume/clans.html,Webpage current in 2003,whois_tha_1780916406,"Tha Darksoul, Berserker of Durin's House is a level fifty-one Dwarven Chieftain [Retired]. Last login 22 years, 10 months, and…",medium,candidate,
durin_s_house,Durin's House,char_thror,Thror,Thror,,Thror,founder; elder; new member evaluation,founder,2003_clans_webpage_member_list,2003_elvenrunes_clans,Elvenrunes MUME Clans page,https://elvenrunes.com/mume/clans.html,Webpage current in 2003,,"Dwarven house/clan, originally Thorin's Tribe, later renamed Durin's House.",medium_high,candidate,
durin_s_house,Durin's House,char_thror,Thror,Thror Blacksmith,Blacksmith,Thror,,listed_member,2003_clans_webpage_member_list,2003_elvenrunes_clans,Elvenrunes MUME Clans page,https://elvenrunes.com/mume/clans.html,Webpage current in 2003,,"Dwarven house/clan, originally Thorin's Tribe, later renamed Durin's House.",medium,candidate,
durin_s_house,Durin's House,char_thrór,Thrór,Thrór,,Thrór,,whois_affiliation_name_match,whois_records_raw_text,2003_elvenrunes_clans,Elvenrunes MUME Clans page,https://elvenrunes.com/mume/clans.html,Webpage current in 2003,whois_thrór_1780916535,"Thrór Blacksmith, Elder of Durin's House is a level seventy Longbeard Hero [Retired]. Last login 2 months and 26 days ago from…",medium,candidate,
durin_s_house,Durin's House,char_troin,Troin,Troin,,Troin,founder,founder,2003_clans_webpage_member_list,2003_elvenrunes_clans,Elvenrunes MUME Clans page,https://elvenrunes.com/mume/clans.html,Webpage current in 2003,,"Dwarven house/clan, originally Thorin's Tribe, later renamed Durin's House.",medium_high,candidate,
durin_s_house,Durin's House,,Warf,Warf Strongarm,Strongarm,,,listed_member,2003_clans_webpage_member_list,2003_elvenrunes_clans,Elvenrunes MUME Clans page,https://elvenrunes.com/mume/clans.html,Webpage current in 2003,,"Dwarven house/clan, originally Thorin's Tribe, later renamed Durin's House.",medium,candidate,
durin_s_house,Durin's House,char_zeddicus,Zeddicus,Zeddicus Stronghand,Stronghand,Zeddicus,,listed_member,2003_clans_webpage_member_list,2003_elvenrunes_clans,Elvenrunes MUME Clans page,https://elvenrunes.com/mume/clans.html,Webpage current in 2003,,"Dwarven house/clan, originally Thorin's Tribe, later renamed Durin's House.",medium,candidate,
durin_s_house,Durin's House,char_zeddicus,Zeddicus,Zeddicus,,Zeddicus,,whois_affiliation_name_match,whois_records_raw_text,2003_elvenrunes_clans,Elvenrunes MUME Clans page,https://elvenrunes.com/mume/clans.html,Webpage current in 2003,whois_zeddicus_1780917466,"Zeddicus Stronghand, Warden of Durin's House is a level forty-seven Dwarven Hero [Retired]. Last login 23 years, 1 month, and 22 d…",medium,candidate,
durin_s_house,Durin's House,char_zigin,Zigin,Zigin Tangledbeard,Tangledbeard,Zigin,,listed_member,2003_clans_webpage_member_list,2003_elvenrunes_clans,Elvenrunes MUME Clans page,https://elvenrunes.com/mume/clans.html,Webpage current in 2003,,"Dwarven house/clan, originally Thorin's Tribe, later renamed Durin's House.",medium,candidate,
durin_s_house,Durin's House,char_zigin,Zigin,Zigin,,Zigin,,whois_affiliation_name_match,whois_records_raw_text,2003_elvenrunes_clans,Elvenrunes MUME Clans page,https://elvenrunes.com/mume/clans.html,Webpage current in 2003,whois_zigin_1781052598,"Zigin Tangledbeard, Zealot of Durin's House is a Dwarf [Retired]. Last login 3 years, 7 months, and 1 day ago. Zigin Zealot, cra…",medium,candidate,
friends_to_the_death,Friends to the Death,,Alohran,Alohran,,,leader; founder,founder,2003_clans_webpage_member_list,2003_elvenrunes_clans,Elvenrunes MUME Clans page,https://elvenrunes.com/mume/clans.html,Webpage current in 2003,,"Formed before Nasty Mewlip's Inn by Garou, Krl, and Alohran.",medium_high,candidate,
friends_to_the_death,Friends to the Death,,Garou,Garou,,,founder,founder,2003_clans_webpage_member_list,2003_elvenrunes_clans,Elvenrunes MUME Clans page,https://elvenrunes.com/mume/clans.html,Webpage current in 2003,,"Formed before Nasty Mewlip's Inn by Garou, Krl, and Alohran.",medium_high,candidate,
friends_to_the_death,Friends to the Death,,Krl,Krl,,,founder,founder,2003_clans_webpage_member_list,2003_elvenrunes_clans,Elvenrunes MUME Clans page,https://elvenrunes.com/mume/clans.html,Webpage current in 2003,,"Formed before Nasty Mewlip's Inn by Garou, Krl, and Alohran.",medium_high,candidate,
riders_of_rohan,Riders of Rohan,,Nian,Nian,,,founder,founder,2003_clans_webpage_member_list,2003_elvenrunes_clans,Elvenrunes MUME Clans page,https://elvenrunes.com/mume/clans.html,Webpage current in 2003,,Founded by Rohwan and Nian; honour/society/army of the south against Sauron.,medium_high,candidate,
riders_of_rohan,Riders of Rohan,char_rohwan,Rohwan,Rohwan,,Rohwan,founder,founder,2003_clans_webpage_member_list,2003_elvenrunes_clans,Elvenrunes MUME Clans page,https://elvenrunes.com/mume/clans.html,Webpage current in 2003,,Founded by Rohwan and Nian; honour/society/army of the south against Sauron.,medium_high,candidate,
scouts_of_rivendell,Scouts of Rivendell,,Fathra,Fathra,,,,listed_contact,2003_clans_webpage_member_list,2003_elvenrunes_clans,Elvenrunes MUME Clans page,https://elvenrunes.com/mume/clans.html,Webpage current in 2003,,Imladris/Rivendell defence and xp/pk/pbs group; semi to heavy RP; seeking alliances.,medium,candidate,
scouts_of_rivendell,Scouts of Rivendell,,Jedgron,Jedgron,,,,listed_contact,2003_clans_webpage_member_list,2003_elvenrunes_clans,Elvenrunes MUME Clans page,https://elvenrunes.com/mume/clans.html,Webpage current in 2003,,Imladris/Rivendell defence and xp/pk/pbs group; semi to heavy RP; seeking alliances.,medium,candidate,
scouts_of_rivendell,Scouts of Rivendell,,Lang,Lang,,,,listed_contact,2003_clans_webpage_member_list,2003_elvenrunes_clans,Elvenrunes MUME Clans page,https://elvenrunes.com/mume/clans.html,Webpage current in 2003,,Imladris/Rivendell defence and xp/pk/pbs group; semi to heavy RP; seeking alliances.,medium,candidate,
scouts_of_rivendell,Scouts of Rivendell,char_letholes,Letholes,Letholes,,Letholes,,listed_contact,2003_clans_webpage_member_list,2003_elvenrunes_clans,Elvenrunes MUME Clans page,https://elvenrunes.com/mume/clans.html,Webpage current in 2003,,Imladris/Rivendell defence and xp/pk/pbs group; semi to heavy RP; seeking alliances.,medium,candidate,
scouts_of_rivendell,Scouts of Rivendell,char_letholes,Letholes,Letholes,,Letholes,,whois_affiliation_name_match,whois_records_raw_text,2003_elvenrunes_clans,Elvenrunes MUME Clans page,https://elvenrunes.com/mume/clans.html,Webpage current in 2003,whois_letholes_1781052441,"Letholes of the Scouts of Rivendell is an Elf. Last login 15 years, 9 months, and 18 days ago. - One of the Hidden Hunters.…",medium,candidate,
shire_shock_troops,Shire Shock Troops,char_rippin,Rippin,Rippin,,Rippin,,listed_member,2003_clans_webpage_member_list,2003_elvenrunes_clans,Elvenrunes MUME Clans page,https://elvenrunes.com/mume/clans.html,Webpage current in 2003,,Retired fun clan for unexpected skills and humour; began in first half of MUME VII.,medium,candidate,
shire_shock_troops,Shire Shock Troops,char_rippin,Rippin,Rippin,,Rippin,,whois_acronym_match,whois_records_raw_text,2003_elvenrunes_clans,Elvenrunes MUME Clans page,https://elvenrunes.com/mume/clans.html,Webpage current in 2003,whois_rippin_1780915288,"Rippin Hood, Second Lieutenant of the SST is a level thirty-six Fallohide Bodyguard [Retired]. Last login 23 years, 11 months,…",candidate,candidate,Acronym can be ambiguous; review matches.
shire_shock_troops,Shire Shock Troops,char_rippin,Rippin,Rippin,,Rippin,,whois_title_phrase_match,whois_records_raw_text,2003_elvenrunes_clans,Elvenrunes MUME Clans page,https://elvenrunes.com/mume/clans.html,Webpage current in 2003,whois_rippin_1780915288,"Rippin Hood, Second Lieutenant of the SST is a level thirty-six Fallohide Bodyguard [Retired]. Last login 23 years, 11 months,…",medium,candidate,
shire_shock_troops,Shire Shock Troops,,Trapano,Trapano,,,,listed_member,2003_clans_webpage_member_list,2003_elvenrunes_clans,Elvenrunes MUME Clans page,https://elvenrunes.com/mume/clans.html,Webpage current in 2003,,Retired fun clan for unexpected skills and humour; began in first half of MUME VII.,medium,candidate,
shire_shock_troops,Shire Shock Troops,char_vincenzo,Vincenzo,Vincenzo,,Vincenzo,,listed_member,2003_clans_webpage_member_list,2003_elvenrunes_clans,Elvenrunes MUME Clans page,https://elvenrunes.com/mume/clans.html,Webpage current in 2003,,Retired fun clan for unexpected skills and humour; began in first half of MUME VII.,medium,candidate,
shire_shock_troops,Shire Shock Troops,char_vincenzo,Vincenzo,Vincenzo,,Vincenzo,,whois_acronym_match,whois_records_raw_text,2003_elvenrunes_clans,Elvenrunes MUME Clans page,https://elvenrunes.com/mume/clans.html,Webpage current in 2003,whois_vincenzo_1780917127,"Vincenzo Vigilante, Crimson Sage of the SST is a level thirty-three Harfoot Sage [Retired]. Last login 24 years, 5 months, and 4…",candidate,candidate,Acronym can be ambiguous; review matches.
shire_shock_troops,Shire Shock Troops,char_vincenzo,Vincenzo,Vincenzo,,Vincenzo,,whois_title_phrase_match,whois_records_raw_text,2003_elvenrunes_clans,Elvenrunes MUME Clans page,https://elvenrunes.com/mume/clans.html,Webpage current in 2003,whois_vincenzo_1780917127,"Vincenzo Vigilante, Crimson Sage of the SST is a level thirty-three Harfoot Sage [Retired]. Last login 24 years, 5 months, and 4…",medium,candidate,
shire_shock_troops,Shire Shock Troops,char_whity,Whity,Whity,,Whity,,listed_member,2003_clans_webpage_member_list,2003_elvenrunes_clans,Elvenrunes MUME Clans page,https://elvenrunes.com/mume/clans.html,Webpage current in 2003,,Retired fun clan for unexpected skills and humour; began in first half of MUME VII.,medium,candidate,
the_brotherhood_of_the_squirrel,The Brotherhood of the Squirrel,,Aldar,Aldar,,,,listed_contact,2003_clans_webpage_member_list,2003_elvenrunes_clans,Elvenrunes MUME Clans page,https://elvenrunes.com/mume/clans.html,Webpage current in 2003,,Listed as BOTS - The Brotherhood of the Squirrel.,medium,candidate,
the_brotherhood_of_the_squirrel,The Brotherhood of the Squirrel,,Amelo,Amelo,,,,listed_contact,2003_clans_webpage_member_list,2003_elvenrunes_clans,Elvenrunes MUME Clans page,https://elvenrunes.com/mume/clans.html,Webpage current in 2003,,Listed as BOTS - The Brotherhood of the Squirrel.,medium,candidate,
the_brotherhood_of_the_squirrel,The Brotherhood of the Squirrel,char_juss,Juss,Juss,,Juss,,listed_contact,2003_clans_webpage_member_list,2003_elvenrunes_clans,Elvenrunes MUME Clans page,https://elvenrunes.com/mume/clans.html,Webpage current in 2003,,Listed as BOTS - The Brotherhood of the Squirrel.,medium,candidate,
the_brotherhood_of_the_squirrel,The Brotherhood of the Squirrel,char_njaa,Njaa,Njaa,,Njaa,,listed_contact,2003_clans_webpage_member_list,2003_elvenrunes_clans,Elvenrunes MUME Clans page,https://elvenrunes.com/mume/clans.html,Webpage current in 2003,,Listed as BOTS - The Brotherhood of the Squirrel.,medium,candidate,
the_brotherhood_of_the_squirrel,The Brotherhood of the Squirrel,char_njaa,Njaa,Njaa,,Njaa,,whois_acronym_match,whois_records_raw_text,2003_elvenrunes_clans,Elvenrunes MUME Clans page,https://elvenrunes.com/mume/clans.html,Webpage current in 2003,whois_njaa_1781052501,"Njaa the sweet little kitten [Bots] is a Maia. Last login 13 years, 10 months, and 24 days ago from *.ee. p (kangelane,…",candidate,candidate,Acronym can be ambiguous; review matches.
the_hand_of_sauron,The Hand of Sauron,char_darkun,Darkun,Darkun,,Darkun,,whois_title_phrase_match,whois_records_raw_text,2003_elvenrunes_clans,Elvenrunes MUME Clans page,https://elvenrunes.com/mume/clans.html,Webpage current in 2003,whois_darkun_1780907818,"Darkun the Angel of Darkness, Servant of Sauron is a Black Númenórean [Retired].",candidate,candidate,May indicate Hand of Sauron membership; review because lore references may overlap.
the_hand_of_sauron,The Hand of Sauron,char_dement,Dement,Dement,,Dement,,whois_alternate_name_match,whois_records_raw_text,2003_elvenrunes_clans,Elvenrunes MUME Clans page,https://elvenrunes.com/mume/clans.html,Webpage current in 2003,whois_dement_1780907923,"…warrior. We took the prisoners. We are the servants of Saruman the Wise, The White Hand: The Hand that gives us man's-flesh to eat. We came out of Isengard, and led you here, and we…",medium,candidate,
the_hand_of_sauron,The Hand of Sauron,char_diamonium,Diamonium,Diamonium Dagamatri,Dagamatri,Diamonium,Ambassador of Sauron,listed_member,2003_clans_webpage_member_list,2003_elvenrunes_clans,Elvenrunes MUME Clans page,https://elvenrunes.com/mume/clans.html,Webpage current in 2003,,"Orc Caves/Sauron-aligned clan/order. Only Diamonium is listed as a member in the copied text; Sauron/Loremaster and Eye/Mouth/Right Hand/Left Hand are title/lore references, not member rows.",medium,candidate,Only listed member in copied entry; Sauron/Loremaster/title examples are not member rows.
the_hand_of_sauron,The Hand of Sauron,char_diamonium,Diamonium,Diamonium,,Diamonium,,whois_title_phrase_match,whois_records_raw_text,2003_elvenrunes_clans,Elvenrunes MUME Clans page,https://elvenrunes.com/mume/clans.html,Webpage current in 2003,whois_diamonium_1780907961,Diamonium the Ambassador of Sauron is an Orc [Retired]. inco,candidate,candidate,May indicate Hand of Sauron membership; review because lore references may overlap.
the_hand_of_sauron,The Hand of Sauron,char_diamonium,Diamonium,Diamonium,,Diamonium,,whois_title_phrase_match,whois_records_raw_text,2003_elvenrunes_clans,Elvenrunes MUME Clans page,https://elvenrunes.com/mume/clans.html,Webpage current in 2003,whois_diamonium_1780907961,Diamonium the Ambassador of Sauron is an Orc [Retired]. inco,medium,candidate,
the_hand_of_sauron,The Hand of Sauron,char_eldrenil,Eldrenil,Eldrenil,,Eldrenil,,whois_title_phrase_match,whois_records_raw_text,2003_elvenrunes_clans,Elvenrunes MUME Clans page,https://elvenrunes.com/mume/clans.html,Webpage current in 2003,whois_eldrenil_1780908502,"…ard [Retired]. Last login 18 years, 3 months, and 21 days ago from *.org. mark@ons.ca 20 of Sauron's minions have felt my wrath. I have succumbed to their fierce blows 5 times.",candidate,candidate,May indicate Hand of Sauron membership; review because lore references may overlap.
the_hand_of_sauron,The Hand of Sauron,char_liten,Liten,Liten,,Liten,,whois_title_phrase_match,whois_records_raw_text,2003_elvenrunes_clans,Elvenrunes MUME Clans page,https://elvenrunes.com/mume/clans.html,Webpage current in 2003,whois_liten_1780912962,"Liten Krigare, Servant of Sauron is a level fifty-four Tarkhnarb Champion [Retired]. ._______. | \ / |…",candidate,candidate,May indicate Hand of Sauron membership; review because lore references may overlap.
the_hand_of_sauron,The Hand of Sauron,char_morannon,Morannon,Morannon,,Morannon,,whois_title_phrase_match,whois_records_raw_text,2003_elvenrunes_clans,Elvenrunes MUME Clans page,https://elvenrunes.com/mume/clans.html,Webpage current in 2003,whois_morannon_1780913592,"…avery"" surpassed even by elven girls hiding in the Grey Havens. It was then the Shirriffs of Sauron were unleashed. As they issued forth from Mordor the first hobbit, bewildered and corrupt…",candidate,candidate,May indicate Hand of Sauron membership; review because lore references may overlap.
the_hand_of_sauron,The Hand of Sauron,char_morgulduin,Morgulduin,Morgulduin,,Morgulduin,,whois_title_phrase_match,whois_records_raw_text,2003_elvenrunes_clans,Elvenrunes MUME Clans page,https://elvenrunes.com/mume/clans.html,Webpage current in 2003,whois_morgulduin_1780913626,"Morgulduin, Eye of Sauron is an Orc [Retired]. Remember the angry dragon!",candidate,candidate,May indicate Hand of Sauron membership; review because lore references may overlap.
the_hand_of_sauron,The Hand of Sauron,char_morgulduin,Morgulduin,Morgulduin,,Morgulduin,,whois_title_phrase_match,whois_records_raw_text,2003_elvenrunes_clans,Elvenrunes MUME Clans page,https://elvenrunes.com/mume/clans.html,Webpage current in 2003,whois_morgulduin_1780913626,"Morgulduin, Eye of Sauron is an Orc [Retired]. Remember the angry dragon!",candidate,candidate,
the_hand_of_sauron,The Hand of Sauron,char_nazalbeth,Nazalbeth,Nazalbeth,,Nazalbeth,,whois_title_phrase_match,whois_records_raw_text,2003_elvenrunes_clans,Elvenrunes MUME Clans page,https://elvenrunes.com/mume/clans.html,Webpage current in 2003,whois_nazalbeth_1780913955,Nazalbeth the blackened heart of Sauron is a level thirty-eight Black Númenórean Wizard [Retired]. ICQ: 220647941,candidate,candidate,May indicate Hand of Sauron membership; review because lore references may overlap.
the_hand_of_sauron,The Hand of Sauron,char_pretty,Pretty,Pretty,,Pretty,,whois_title_phrase_match,whois_records_raw_text,2003_elvenrunes_clans,Elvenrunes MUME Clans page,https://elvenrunes.com/mume/clans.html,Webpage current in 2003,whois_pretty_1780914858,Pretty boy the toy of Sauron is a Troll [Retired].,candidate,candidate,May indicate Hand of Sauron membership; review because lore references may overlap.
the_hand_of_sauron,The Hand of Sauron,char_prey,Prey,Prey,,Prey,,whois_title_phrase_match,whois_records_raw_text,2003_elvenrunes_clans,Elvenrunes MUME Clans page,https://elvenrunes.com/mume/clans.html,Webpage current in 2003,whois_prey_1780914863,"Prey of Evil, Servant of Sauron is a level thirty-seven Tarkhnarb Champion [Retired]. Prey for all whitepukes - Let…",candidate,candidate,May indicate Hand of Sauron membership; review because lore references may overlap.
the_seventh_battalion,The Seventh Battalion,char_khad,Khad,Khad,,Khad,,whois_acronym_match,whois_records_raw_text,2003_elvenrunes_clans,Elvenrunes MUME Clans page,https://elvenrunes.com/mume/clans.html,Webpage current in 2003,whois_khad_1780912412,"Khad the Guide, 7th Tumunzahar Battalion is a level forty-one Dwarven Battlemaster [Retired]. Last login…",candidate,candidate,Acronym can be ambiguous; review matches.
the_seventh_battalion,The Seventh Battalion,char_khad,Khad,Khad,,Khad,,whois_alternate_name_match,whois_records_raw_text,2003_elvenrunes_clans,Elvenrunes MUME Clans page,https://elvenrunes.com/mume/clans.html,Webpage current in 2003,whois_khad_1780912412,"Khad the Guide, 7th Tumunzahar Battalion is a level forty-one Dwarven Battlemaster [Retired]. Last login 22 years, 8 months, a…",medium,candidate,
the_seventh_battalion,The Seventh Battalion,char_tauno,Tauno,Tauno,,Tauno,,whois_acronym_match,whois_records_raw_text,2003_elvenrunes_clans,Elvenrunes MUME Clans page,https://elvenrunes.com/mume/clans.html,Webpage current in 2003,whois_tauno_1780819357,"Tauno Tumpelo, 7th Tumunzahar Battalion is a level forty Dwarven Ranger [Retired]. Last login 20 years,…",candidate,candidate,Acronym can be ambiguous; review matches.
the_seventh_battalion,The Seventh Battalion,char_tauno,Tauno,Tauno,,Tauno,,whois_alternate_name_match,whois_records_raw_text,2003_elvenrunes_clans,Elvenrunes MUME Clans page,https://elvenrunes.com/mume/clans.html,Webpage current in 2003,whois_tauno_1780819357,"Tauno Tumpelo, 7th Tumunzahar Battalion is a level forty Dwarven Ranger [Retired]. Last login 20 years, 8 months, and 4 days…",medium,candidate,
the_seventh_battalion,The Seventh Battalion,char_tauno,Tauno,Tauno,,Tauno,,whois_title_phrase_match,whois_records_raw_text,2003_elvenrunes_clans,Elvenrunes MUME Clans page,https://elvenrunes.com/mume/clans.html,Webpage current in 2003,whois_tauno_1780819357,"…y Dwarven Ranger [Retired]. Last login 20 years, 8 months, and 4 days ago from *.fi. Foot Soldier, 7th Tumunzahar Battalion",medium,candidate,
the_seventh_battalion,The Seventh Battalion,char_tauno,Tauno,Tauno,,Tauno,,whois_acronym_match,whois_records_raw_text,2003_elvenrunes_clans,Elvenrunes MUME Clans page,https://elvenrunes.com/mume/clans.html,Webpage current in 2003,whois_tauno_1780894014,"Tauno Tumpelo, 7th Tumunzahar Battalion is a level forty Dwarven Ranger [Retired]. Last login 20 years,…",candidate,candidate,Acronym can be ambiguous; review matches.
the_seventh_battalion,The Seventh Battalion,char_tauno,Tauno,Tauno,,Tauno,,whois_alternate_name_match,whois_records_raw_text,2003_elvenrunes_clans,Elvenrunes MUME Clans page,https://elvenrunes.com/mume/clans.html,Webpage current in 2003,whois_tauno_1780894014,"Tauno Tumpelo, 7th Tumunzahar Battalion is a level forty Dwarven Ranger [Retired]. Last login 20 years, 8 months, and 5 days…",medium,candidate,
the_seventh_battalion,The Seventh Battalion,char_tauno,Tauno,Tauno,,Tauno,,whois_title_phrase_match,whois_records_raw_text,2003_elvenrunes_clans,Elvenrunes MUME Clans page,https://elvenrunes.com/mume/clans.html,Webpage current in 2003,whois_tauno_1780894014,"…y Dwarven Ranger [Retired]. Last login 20 years, 8 months, and 5 days ago from *.fi. Foot Soldier, 7th Tumunzahar Battalion ![ CW>",medium,candidate,
troll_kamikaze_squadron,Troll Kamikaze Squadron,char_beastly,Beastly,Beastly,,Beastly,,listed_member,2003_clans_webpage_member_list,2003_elvenrunes_clans,Elvenrunes MUME Clans page,https://elvenrunes.com/mume/clans.html,Webpage current in 2003,,Retired troll group; copied entry says the listed members are incomplete.,medium,candidate,
troll_kamikaze_squadron,Troll Kamikaze Squadron,,Hogga,Hogga,,,,listed_member,2003_clans_webpage_member_list,2003_elvenrunes_clans,Elvenrunes MUME Clans page,https://elvenrunes.com/mume/clans.html,Webpage current in 2003,,Retired troll group; copied entry says the listed members are incomplete.,medium,candidate,
troll_kamikaze_squadron,Troll Kamikaze Squadron,char_kakarot,Kakarot,Kakarot,,Kakarot,,alias_or_alternate_character,2003_clans_webpage_member_list,2003_elvenrunes_clans,Elvenrunes MUME Clans page,https://elvenrunes.com/mume/clans.html,Webpage current in 2003,,Retired troll group; copied entry says the listed members are incomplete.,candidate,candidate,Aliases/alternate names for Kill in copied text; review before treating as separate members.
troll_kamikaze_squadron,Troll Kamikaze Squadron,char_kill,Kill,Kill,,Kill,,listed_member,2003_clans_webpage_member_list,2003_elvenrunes_clans,Elvenrunes MUME Clans page,https://elvenrunes.com/mume/clans.html,Webpage current in 2003,,Retired troll group; copied entry says the listed members are incomplete.,medium,candidate,Also known as Stussy/Kakarot according to copied text; aliases recorded separately as aliases/candidates.
troll_kamikaze_squadron,Troll Kamikaze Squadron,char_krossen,Krossen,Krossen,,Krossen,,listed_member,2003_clans_webpage_member_list,2003_elvenrunes_clans,Elvenrunes MUME Clans page,https://elvenrunes.com/mume/clans.html,Webpage current in 2003,,Retired troll group; copied entry says the listed members are incomplete.,medium,candidate,
troll_kamikaze_squadron,Troll Kamikaze Squadron,char_krossen,Krossen,Krossen,,Krossen,,whois_affiliation_name_match,whois_records_raw_text,2003_elvenrunes_clans,Elvenrunes MUME Clans page,https://elvenrunes.com/mume/clans.html,Webpage current in 2003,whois_krossen_1780912681,Krossen S of the Troll Kamikaze Squadron is a level thirty Mountain Troll Warrior [Retired]. One sundeath at level 28. (990108…,medium,candidate,
troll_kamikaze_squadron,Troll Kamikaze Squadron,char_lolli,Lolli,Lolli,,Lolli,,listed_member,2003_clans_webpage_member_list,2003_elvenrunes_clans,Elvenrunes MUME Clans page,https://elvenrunes.com/mume/clans.html,Webpage current in 2003,,Retired troll group; copied entry says the listed members are incomplete.,medium,candidate,
troll_kamikaze_squadron,Troll Kamikaze Squadron,char_stussy,Stussy,Stussy,,Stussy,,alias_or_alternate_character,2003_clans_webpage_member_list,2003_elvenrunes_clans,Elvenrunes MUME Clans page,https://elvenrunes.com/mume/clans.html,Webpage current in 2003,,Retired troll group; copied entry says the listed members are incomplete.,candidate,candidate,Aliases/alternate names for Kill in copied text; review before treating as separate members.
troll_kamikaze_squadron,Troll Kamikaze Squadron,char_tommy,Tommy,Tommy,,Tommy,,listed_member,2003_clans_webpage_member_list,2003_elvenrunes_clans,Elvenrunes MUME Clans page,https://elvenrunes.com/mume/clans.html,Webpage current in 2003,,Retired troll group; copied entry says the listed members are incomplete.,medium,candidate,
troll_kamikaze_squadron,Troll Kamikaze Squadron,char_zed,Zed,Zed,,Zed,founder,founder,2003_clans_webpage_member_list,2003_elvenrunes_clans,Elvenrunes MUME Clans page,https://elvenrunes.com/mume/clans.html,Webpage current in 2003,,Retired troll group; copied entry says the listed members are incomplete.,medium_high,candidate,
troll_kamikaze_squadron,Troll Kamikaze Squadron,char_zed,Zed,Zed,,Zed,,whois_affiliation_name_match,whois_records_raw_text,2003_elvenrunes_clans,Elvenrunes MUME Clans page,https://elvenrunes.com/mume/clans.html,Webpage current in 2003,whois_zed_1780917459,Zed Dredd of the Troll Kamikaze Squadron is a level thirty-three Cave Troll Warrior [Retired].,medium,candidate,
