affiliation_id,affiliation_name,character_id,character_key,display_name,name_suffix,source_character_name,role_title,evidence_kind,evidence_source,source_whois_id,evidence_excerpt,confidence,review_status,notes
arda_s_army,Arda's Army,,Aaven,Aaven,,,,listed_member,2003_clans_webpage_member_list,,Player-organised army/group. Entry consists mainly of member list.,medium,candidate,
arda_s_army,Arda's Army,,Aelor,Aelor,,,,listed_member,2003_clans_webpage_member_list,,Player-organised army/group. Entry consists mainly of member list.,medium,candidate,
arda_s_army,Arda's Army,,Aerie,Aerie,,,,listed_member,2003_clans_webpage_member_list,,Player-organised army/group. Entry consists mainly of member list.,medium,candidate,
arda_s_army,Arda's Army,,Aldweth,Aldweth,,,,listed_member,2003_clans_webpage_member_list,,Player-organised army/group. Entry consists mainly of member list.,medium,candidate,
arda_s_army,Arda's Army,,Awreth,Awreth,,,,listed_member,2003_clans_webpage_member_list,,Player-organised army/group. Entry consists mainly of member list.,medium,candidate,
arda_s_army,Arda's Army,,Berat,Berat,,,,listed_member,2003_clans_webpage_member_list,,Player-organised army/group. Entry consists mainly of member list.,medium,candidate,
arda_s_army,Arda's Army,,Darien,Darien,,,,listed_member,2003_clans_webpage_member_list,,Player-organised army/group. Entry consists mainly of member list.,medium,candidate,
arda_s_army,Arda's Army,,Dwalid,Dwalid,,,,listed_member,2003_clans_webpage_member_list,,Player-organised army/group. Entry consists mainly of member list.,medium,candidate,
arda_s_army,Arda's Army,,Euronymous,Euronymous,,,,listed_member,2003_clans_webpage_member_list,,Player-organised army/group. Entry consists mainly of member list.,medium,candidate,
arda_s_army,Arda's Army,,Filk,Filk,,,,listed_member,2003_clans_webpage_member_list,,Player-organised army/group. Entry consists mainly of member list.,medium,candidate,
arda_s_army,Arda's Army,,Fëndor,Fëndor,,,,listed_member,2003_clans_webpage_member_list,,Player-organised army/group. Entry consists mainly of member list.,medium,candidate,
arda_s_army,Arda's Army,,Gilean,Gilean,,,,listed_member,2003_clans_webpage_member_list,,Player-organised army/group. Entry consists mainly of member list.,medium,candidate,
arda_s_army,Arda's Army,,Groan,Groan,,,,listed_member,2003_clans_webpage_member_list,,Player-organised army/group. Entry consists mainly of member list.,medium,candidate,
arda_s_army,Arda's Army,,Gwenyth,Gwenyth,,,,listed_member,2003_clans_webpage_member_list,,Player-organised army/group. Entry consists mainly of member list.,medium,candidate,
arda_s_army,Arda's Army,,Gwoern,Gwoern,,,,listed_member,2003_clans_webpage_member_list,,Player-organised army/group. Entry consists mainly of member list.,medium,candidate,
arda_s_army,Arda's Army,char_juss,Juss,Juss,,Juss,,listed_member,2003_clans_webpage_member_list,,Player-organised army/group. Entry consists mainly of member list.,medium,candidate,
arda_s_army,Arda's Army,char_khuka,Khuka,Khuka,,Khuka,,listed_member,2003_clans_webpage_member_list,,Player-organised army/group. Entry consists mainly of member list.,medium,candidate,
arda_s_army,Arda's Army,,Mumacik,Mumacik,,,,listed_member,2003_clans_webpage_member_list,,Player-organised army/group. Entry consists mainly of member list.,medium,candidate,
arda_s_army,Arda's Army,char_mumma,Mumma,Mumma,,Mumma,,listed_member,2003_clans_webpage_member_list,,Player-organised army/group. Entry consists mainly of member list.,medium,candidate,
arda_s_army,Arda's Army,,Méagyn,Méagyn,,,,listed_member,2003_clans_webpage_member_list,,Player-organised army/group. Entry consists mainly of member list.,medium,candidate,
arda_s_army,Arda's Army,,Oddvar,Oddvar,,,,listed_member,2003_clans_webpage_member_list,,Player-organised army/group. Entry consists mainly of member list.,medium,candidate,
arda_s_army,Arda's Army,,Rackarth,Rackarth,,,,listed_member,2003_clans_webpage_member_list,,Player-organised army/group. Entry consists mainly of member list.,medium,candidate,
arda_s_army,Arda's Army,,Razer,Razer,,,,listed_member,2003_clans_webpage_member_list,,Player-organised army/group. Entry consists mainly of member list.,medium,candidate,
arda_s_army,Arda's Army,,Slithe,Slithe,,,,listed_member,2003_clans_webpage_member_list,,Player-organised army/group. Entry consists mainly of member list.,medium,candidate,
arda_s_army,Arda's Army,,Xury,Xury,,,,listed_member,2003_clans_webpage_member_list,,Player-organised army/group. Entry consists mainly of member list.,medium,candidate,
arda_s_army,Arda's Army,,Ziglak,Ziglak,,,,listed_member,2003_clans_webpage_member_list,,Player-organised army/group. Entry consists mainly of member list.,medium,candidate,
army_of_arthedain,Army of Arthedain,,Harduin,Harduin,,,council member,listed_contact,2003_clans_webpage_member_list,,Semi-RP group focused on protecting Arthedain; described as young and growing.,medium,candidate,
army_of_arthedain,Army of Arthedain,,Höelun,Höelun,,,council member,listed_contact,2003_clans_webpage_member_list,,Semi-RP group focused on protecting Arthedain; described as young and growing.,medium,candidate,
army_of_arthedain,Army of Arthedain,,Ilwin,Ilwin,,,council member,listed_contact,2003_clans_webpage_member_list,,Semi-RP group focused on protecting Arthedain; described as young and growing.,medium,candidate,
army_of_arthedain,Army of Arthedain,,Röxic,Röxic,,,council member,listed_contact,2003_clans_webpage_member_list,,Semi-RP group focused on protecting Arthedain; described as young and growing.,medium,candidate,
army_of_arthedain,Army of Arthedain,,Tendor,Tendor,,,council member,listed_contact,2003_clans_webpage_member_list,,Semi-RP group focused on protecting Arthedain; described as young and growing.,medium,candidate,
black_shadow_clan,Black Shadow Clan,char_elrik,Elrik,Elrik,,Elrik,,whois_affiliation_name_match,whois_records_raw_text,whois_elrik_1780908607,Elrik the black istar of the Black Shadow Clan is a Black Númenórean [Retired]. http://bsc.mandor.se/,medium,candidate,
black_shadow_clan,Black Shadow Clan,char_granvil,Granvil,Granvil,,Granvil,,whois_affiliation_name_match,whois_records_raw_text,whois_granvil_1780909536,Granvil the Senile Granny of Black Shadow Clan is a level fifty-four Black Númenórean Envoy [Retired]. The reborn Senile Granny of…,medium,candidate,
black_shadow_clan,Black Shadow Clan,char_hate,Hate,Hate,,Hate,,whois_affiliation_name_match,whois_records_raw_text,whois_hate_1780909821,Hate - Twisted Soul of the Black Shadow Clan is a level thirty-one Black Númenórean Warlock [Retired]. What's the smell of the th…,medium,candidate,
black_shadow_clan,Black Shadow Clan,char_ivanushka,Ivanushka,Ivanushka,,Ivanushka,,whois_affiliation_name_match,whois_records_raw_text,whois_ivanushka_1780912054,"Ivanushka Foolproof of Black Shadow Clan is a Black Númenórean [Retired]. Don't drink from the pool Ivanushka! , she said. But…",medium,candidate,
black_shadow_clan,Black Shadow Clan,char_lotheila,Lotheila,Lotheila,,Lotheila,,whois_affiliation_name_match,whois_records_raw_text,whois_lotheila_1780913030,Lotheila The Evil Snake of Black Shadow Clan is a Black Númenórean. GER i dont enchant sorry...,medium,candidate,
black_shadow_clan,Black Shadow Clan,char_lâirâthim,Lâirâthim,Lâirâthim,,Lâirâthim,,whois_affiliation_name_match,whois_records_raw_text,whois_lâirâthim_1780912743,Lâirâthim - Backfire of the Black Shadow Clan is a Black Númenórean [Retired]. |\ |\ .(' *) ' .…,medium,candidate,
black_shadow_clan,Black Shadow Clan,char_morholt,Morholt,Morholt,,Morholt,,whois_affiliation_name_match,whois_records_raw_text,whois_morholt_1780913632,"Morholt The Headhunter of Black Shadow Clan is a Black Númenórean. Thanks for looting most including darkie only items,",medium,candidate,
black_shadow_clan,Black Shadow Clan,char_mortis,Mortis,Mortis,,Mortis,,whois_affiliation_name_match,whois_records_raw_text,whois_mortis_1780913683,Mortis the Harbinger of the Black Shadow Clan is a Black Númenórean [Retired].,medium,candidate,
black_shadow_clan,Black Shadow Clan,char_oscarmeyer,OscarMeyer,OscarMeyer,,Oscarmeyer,,listed_contact,2003_clans_webpage_member_list,,Highly selective Sauron-aligned clan.,medium,candidate,Named contact/author of recruitment text.
black_shadow_clan,Black Shadow Clan,char_oscarmeyer,Oscarmeyer,Oscarmeyer,,Oscarmeyer,,whois_affiliation_name_match,whois_records_raw_text,whois_oscarmeyer_1780914294,"Oscarmeyer the Evasion Expert of Black Shadow Clan is a level fifty-two Black Númenórean Murderer [Retired]. Oh, dance in the dark of n…",medium,candidate,
black_shadow_clan,Black Shadow Clan,char_snowball,Snowball,Snowball,,Snowball,,whois_affiliation_name_match,whois_records_raw_text,whois_snowball_1780915997,"Snowball - Firekeeper of the Black Shadow Clan is a Black Númenórean [Retired]. Im Mesmerized in every way,…",medium,candidate,
carrock_of_anduin,Carrock of Anduin,,Ethoe,Ethoe,,,,listed_contact,2003_clans_webpage_member_list,,Beorning group formed for protection and future attacks against Sauron’s forces.,medium,candidate,
damage_inc,Damage Inc.,char_kochurma,Kochurma,Kochurma,,Kochurma,,listed_member,2003_clans_webpage_member_list,,Mercenary orc smiter clan; names/whois inspired by Metallica song.,medium,candidate,
damage_inc,Damage Inc.,char_kunduk,Kunduk,Kunduk,,Kunduk,special member,listed_member,2003_clans_webpage_member_list,,Mercenary orc smiter clan; names/whois inspired by Metallica song.,medium,candidate,
damage_inc,Damage Inc.,char_piastr,Piastr,Piastr,,Piastr,,listed_member,2003_clans_webpage_member_list,,Mercenary orc smiter clan; names/whois inspired by Metallica song.,medium,candidate,
damage_inc,Damage Inc.,char_stolb,Stolb,Stolb,,Stolb,,listed_member,2003_clans_webpage_member_list,,Mercenary orc smiter clan; names/whois inspired by Metallica song.,medium,candidate,
damage_inc,Damage Inc.,char_zmej,Zmej,Zmej,,Zmej,,listed_member,2003_clans_webpage_member_list,,Mercenary orc smiter clan; names/whois inspired by Metallica song.,medium,candidate,
dead_horse_squad,Dead Horse Squad,,Euronymous,Euronymous,,,,listed_contact,2003_clans_webpage_member_list,,Very short entry: growing.,medium,candidate,
durin_s_army,Durin's Army,char_ardent,Ardent,Ardent the Faithful,the Faithful,Ardent,,listed_member,2003_clans_webpage_member_list,,"Founded to combat evil in Arda; leadership roles listed as Chieftain, Chancellor, Warmaster.",medium,candidate,
durin_s_army,Durin's Army,char_ardent,Ardent,Ardent,,Ardent,,whois_affiliation_name_match,whois_records_raw_text,whois_ardent_1780899446,"Ardent the Faithful, Prophet of Durin's Army is a level forty-six Dwarven Patriarch [Retired]. Last login 6 months ago from [numer…",medium,candidate,
durin_s_army,Durin's Army,,Burli,Burli Basher,Basher,,,listed_member,2003_clans_webpage_member_list,,"Founded to combat evil in Arda; leadership roles listed as Chieftain, Chancellor, Warmaster.",medium,candidate,
durin_s_army,Durin's Army,,Dòne,Dòne Bloodshed,Bloodshed,,,listed_member,2003_clans_webpage_member_list,,"Founded to combat evil in Arda; leadership roles listed as Chieftain, Chancellor, Warmaster.",medium,candidate,
durin_s_army,Durin's Army,,Fari,Fari Khórad,Khórad,,Warmaster,founder,2003_clans_webpage_member_list,,"Founded to combat evil in Arda; leadership roles listed as Chieftain, Chancellor, Warmaster.",medium_high,candidate,
durin_s_army,Durin's Army,char_grumph,Grumph,Grumph Hrothgar,Hrothgar,Grumph,,listed_member,2003_clans_webpage_member_list,,"Founded to combat evil in Arda; leadership roles listed as Chieftain, Chancellor, Warmaster.",medium,candidate,
durin_s_army,Durin's Army,char_grumph,Grumph,Grumph,,Grumph,,whois_affiliation_name_match,whois_records_raw_text,whois_grumph_1780909630,"Grumph Hrothgar, Sniffer of Durin's Army is a Dwarf [Retired]. Last login 13 years, 2 months, and 13 days ago.",medium,candidate,
durin_s_army,Durin's Army,char_gròk,Gròk,Gròk Roks,Roks,Gròk,,listed_member,2003_clans_webpage_member_list,,"Founded to combat evil in Arda; leadership roles listed as Chieftain, Chancellor, Warmaster.",medium,candidate,
durin_s_army,Durin's Army,char_gròk,Gròk,Gròk,,Gròk,,whois_affiliation_name_match,whois_records_raw_text,whois_gròk_1780909597,"Gròk Róks, Warmonger of Durin's Army is a level thirty-seven Dwarven Bodyguard [Retired]. Last login 13 years, 2 months, a…",medium,candidate,
durin_s_army,Durin's Army,,Kibgil,Kibgil Swiftfoot,Swiftfoot,,,listed_member,2003_clans_webpage_member_list,,"Founded to combat evil in Arda; leadership roles listed as Chieftain, Chancellor, Warmaster.",medium,candidate,
durin_s_army,Durin's Army,,Lian,Lian,,,,listed_member,2003_clans_webpage_member_list,,"Founded to combat evil in Arda; leadership roles listed as Chieftain, Chancellor, Warmaster.",medium,candidate,
durin_s_army,Durin's Army,char_líëf,Líëf,Líëf O'le,O'le,Líëf,Chieftain,founder,2003_clans_webpage_member_list,,"Founded to combat evil in Arda; leadership roles listed as Chieftain, Chancellor, Warmaster.",medium_high,candidate,
durin_s_army,Durin's Army,char_líëf,Líëf,Líëf,,Líëf,,whois_affiliation_name_match,whois_records_raw_text,whois_líëf_1780912894,"Líëf O'le, Commander of Durin's Army is a Dwarf [Retired]. There are two yous that exist. The you that is in your mind, and…",medium,candidate,
durin_s_army,Durin's Army,char_nari,Nari,Nari Khórad,Khórad,Nari,Chancellor,founder,2003_clans_webpage_member_list,,"Founded to combat evil in Arda; leadership roles listed as Chieftain, Chancellor, Warmaster.",medium_high,candidate,
durin_s_army,Durin's Army,char_nari,Nari,Nari,,Nari,,whois_affiliation_name_match,whois_records_raw_text,whois_nari_1780913927,"Nari Khórad, Chancellor of Durin's Army is a level thirty-nine Dwarven Warden [Retired]. Last login 10 years, 1 month, and 17…",medium,candidate,
durin_s_army,Durin's Army,,Ritz,Ritz Blitz,Blitz,,,listed_member,2003_clans_webpage_member_list,,"Founded to combat evil in Arda; leadership roles listed as Chieftain, Chancellor, Warmaster.",medium,candidate,
durin_s_army,Durin's Army,,Roy,Roy Boy,Boy,,,listed_member,2003_clans_webpage_member_list,,"Founded to combat evil in Arda; leadership roles listed as Chieftain, Chancellor, Warmaster.",medium,candidate,
durin_s_army,Durin's Army,,Strah,Strah The Protector,The Protector,,,listed_member,2003_clans_webpage_member_list,,"Founded to combat evil in Arda; leadership roles listed as Chieftain, Chancellor, Warmaster.",medium,candidate,
durin_s_army,Durin's Army,char_téar,Téar,Téar Oldenburg,Oldenburg,Téar,,listed_member,2003_clans_webpage_member_list,,"Founded to combat evil in Arda; leadership roles listed as Chieftain, Chancellor, Warmaster.",medium,candidate,
durin_s_army,Durin's Army,char_uber,Uber,Uber Gukmo,Gukmo,Uber,,listed_member,2003_clans_webpage_member_list,,"Founded to combat evil in Arda; leadership roles listed as Chieftain, Chancellor, Warmaster.",medium,candidate,
durin_s_army,Durin's Army,,Vräsh,Vräsh Ugmök,Ugmök,,,listed_member,2003_clans_webpage_member_list,,"Founded to combat evil in Arda; leadership roles listed as Chieftain, Chancellor, Warmaster.",medium,candidate,
durin_s_house,Durin's House,,Brawn,Brawn,,,founder; elder; emissary,founder,2003_clans_webpage_member_list,,"Dwarven house/clan, originally Thorin's Tribe, later renamed Durin's House.",medium_high,candidate,Founder; formerly associated with Thorin's Tribe.
durin_s_house,Durin's House,,Brawn,Brawn Firmfoot,Firmfoot,,,listed_member,2003_clans_webpage_member_list,,"Dwarven house/clan, originally Thorin's Tribe, later renamed Durin's House.",medium,candidate,
durin_s_house,Durin's House,char_bruni,Bruni,Bruni,,Bruni,founder; elder,founder,2003_clans_webpage_member_list,,"Dwarven house/clan, originally Thorin's Tribe, later renamed Durin's House.",medium_high,candidate,Founder; formerly associated with Thorin's Tribe.
durin_s_house,Durin's House,char_bruni,Bruni,Bruni Brighthead,Brighthead,Bruni,,listed_member,2003_clans_webpage_member_list,,"Dwarven house/clan, originally Thorin's Tribe, later renamed Durin's House.",medium,candidate,
durin_s_house,Durin's House,char_bruni,Bruni,Bruni,,Bruni,,whois_affiliation_name_match,whois_records_raw_text,whois_bruni_1780907288,"Bruni Brighthead, Intelligent of Durin's House is a level forty Dwarven Patriarch [Retired]. Last login 13 years and 5 days ago from…",medium,candidate,
durin_s_house,Durin's House,,Coco,Coco NutsHead,NutsHead,,apprentice,listed_member,2003_clans_webpage_member_list,,"Dwarven house/clan, originally Thorin's Tribe, later renamed Durin's House.",medium,candidate,
durin_s_house,Durin's House,,Condor,Condor Headslayer,Headslayer,,,listed_member,2003_clans_webpage_member_list,,"Dwarven house/clan, originally Thorin's Tribe, later renamed Durin's House.",medium,candidate,
durin_s_house,Durin's House,char_doreth,Doreth,Doreth Lightfoot,Lightfoot,Doreth,,listed_member,2003_clans_webpage_member_list,,"Dwarven house/clan, originally Thorin's Tribe, later renamed Durin's House.",medium,candidate,
durin_s_house,Durin's House,char_doreth,Doreth,Doreth,,Doreth,,whois_affiliation_name_match,whois_records_raw_text,whois_doreth_1780908089,"Doreth Lightfoot, Messenger of Durin's House is a Dwarf [Retired]. Last login 10 months and 17 days ago from *.ee. I'm old, just plai…",medium,candidate,
durin_s_house,Durin's House,,Eld,Eld Clearthought,Clearthought,,,listed_member,2003_clans_webpage_member_list,,"Dwarven house/clan, originally Thorin's Tribe, later renamed Durin's House.",medium,candidate,
durin_s_house,Durin's House,,Erath,Erath Soulblade,Soulblade,,,listed_member,2003_clans_webpage_member_list,,"Dwarven house/clan, originally Thorin's Tribe, later renamed Durin's House.",medium,candidate,
durin_s_house,Durin's House,char_floi,Floi,Floi Darkbeard,Darkbeard,Floi,,listed_member,2003_clans_webpage_member_list,,"Dwarven house/clan, originally Thorin's Tribe, later renamed Durin's House.",medium,candidate,
durin_s_house,Durin's House,char_flói,Flói,Flói,,Flói,,whois_affiliation_name_match,whois_records_raw_text,whois_flói_1780909041,"Flói Darkbeard, Quickblade of Durin's House is a level sixty-one Longbeard Hero [Retired]. Last login 2 months and 28 days ago. .…",medium,candidate,
durin_s_house,Durin's House,char_fragir,Fragir,Fragir Exorcist,Exorcist,Fragir,,listed_member,2003_clans_webpage_member_list,,"Dwarven house/clan, originally Thorin's Tribe, later renamed Durin's House.",medium,candidate,
durin_s_house,Durin's House,char_fragir,Fragir,Fragir,,Fragir,,whois_affiliation_name_match,whois_records_raw_text,whois_fragir_1780909085,"Fragir the Exorcist, Monk of Durin's House is a level seventy-five Dwarven Priest. Last login 1 month and 28 days ago from [nume…",medium,candidate,
durin_s_house,Durin's House,char_fragir,Fragir,Fragir,,Fragir,,whois_affiliation_name_match,whois_records_raw_text,whois_fragir_1780961941,"Fragir the Exorcist, Monk of Durin's House is a level seventy-five Dwarven Priest. Last login 1 month and 28 days ago from [nume…",medium,candidate,
durin_s_house,Durin's House,,Grunga,Grunga Nimblefinger,Nimblefinger,,,listed_member,2003_clans_webpage_member_list,,"Dwarven house/clan, originally Thorin's Tribe, later renamed Durin's House.",medium,candidate,
durin_s_house,Durin's House,char_grunganator,Grunganator,Grunganator Largefeet,Largefeet,Grunganator,,listed_member,2003_clans_webpage_member_list,,"Dwarven house/clan, originally Thorin's Tribe, later renamed Durin's House.",medium,candidate,
durin_s_house,Durin's House,char_grunganator,Grunganator,Grunganator,,Grunganator,,whois_affiliation_name_match,whois_records_raw_text,whois_grunganator_1780909636,"Grunganator Largefeet, Berserker of Durin's House is a level fifty-five Dwarven Battlemaster [Retired]. Last login 9 years, 2 months, a…",medium,candidate,
durin_s_house,Durin's House,char_hanr,Hanr,Hanr Whitebeard,Whitebeard,Hanr,apprentice,listed_member,2003_clans_webpage_member_list,,"Dwarven house/clan, originally Thorin's Tribe, later renamed Durin's House.",medium,candidate,
durin_s_house,Durin's House,char_hanr,Hanr,Hanr,,Hanr,,whois_affiliation_name_match,whois_records_raw_text,whois_hanr_1780909782,"Hanr Whitebeard, Veteran of Durin's House is a level thirty-seven Dwarven Warden [Retired]. Last login 18 years, 1 month, and 1…",medium,candidate,
durin_s_house,Durin's House,,Loreth,Loreth Beerbelly,Beerbelly,,,listed_member,2003_clans_webpage_member_list,,"Dwarven house/clan, originally Thorin's Tribe, later renamed Durin's House.",medium,candidate,
durin_s_house,Durin's House,,Nator,Nator Bloodlust,Bloodlust,,,listed_member,2003_clans_webpage_member_list,,"Dwarven house/clan, originally Thorin's Tribe, later renamed Durin's House.",medium,candidate,
durin_s_house,Durin's House,,Shwash,Shwash Bummer,Bummer,,elder,listed_member,2003_clans_webpage_member_list,,"Dwarven house/clan, originally Thorin's Tribe, later renamed Durin's House.",medium,candidate,Old and retired; listed among elders.
durin_s_house,Durin's House,,Shwash,Shwash Bummer,Bummer,,,listed_member,2003_clans_webpage_member_list,,"Dwarven house/clan, originally Thorin's Tribe, later renamed Durin's House.",medium,candidate,
durin_s_house,Durin's House,char_tezcatlipoca,Tezcatlipoca,Tezcatlipoca Thunderblade,Thunderblade,Tezcatlipoca,,listed_member,2003_clans_webpage_member_list,,"Dwarven house/clan, originally Thorin's Tribe, later renamed Durin's House.",medium,candidate,
durin_s_house,Durin's House,char_tezcatlipoca,Tezcatlipoca,Tezcatlipoca,,Tezcatlipoca,,whois_affiliation_name_match,whois_records_raw_text,whois_tezcatlipoca_1780916400,"Tezcatlipoca Thunderblade, Warden of Durin's House is a level fifty Dwarven Hero [Retired]. Last login 3 years, 6 months, and 18 days ag…",medium,candidate,
durin_s_house,Durin's House,char_tha,Tha,Tha Darksoul,Darksoul,Tha,,listed_member,2003_clans_webpage_member_list,,"Dwarven house/clan, originally Thorin's Tribe, later renamed Durin's House.",medium,candidate,
durin_s_house,Durin's House,char_tha,Tha,Tha,,Tha,,whois_affiliation_name_match,whois_records_raw_text,whois_tha_1780916406,"Tha Darksoul, Berserker of Durin's House is a level fifty-one Dwarven Chieftain [Retired]. Last login 22 years, 10 months, and…",medium,candidate,
durin_s_house,Durin's House,char_thror,Thror,Thror,,Thror,founder; elder; new member evaluation,founder,2003_clans_webpage_member_list,,"Dwarven house/clan, originally Thorin's Tribe, later renamed Durin's House.",medium_high,candidate,
durin_s_house,Durin's House,char_thror,Thror,Thror Blacksmith,Blacksmith,Thror,,listed_member,2003_clans_webpage_member_list,,"Dwarven house/clan, originally Thorin's Tribe, later renamed Durin's House.",medium,candidate,
durin_s_house,Durin's House,char_thrór,Thrór,Thrór,,Thrór,,whois_affiliation_name_match,whois_records_raw_text,whois_thrór_1780916535,"Thrór Blacksmith, Elder of Durin's House is a level seventy Longbeard Hero [Retired]. Last login 2 months and 26 days ago from…",medium,candidate,
durin_s_house,Durin's House,char_troin,Troin,Troin,,Troin,founder,founder,2003_clans_webpage_member_list,,"Dwarven house/clan, originally Thorin's Tribe, later renamed Durin's House.",medium_high,candidate,
durin_s_house,Durin's House,,Warf,Warf Strongarm,Strongarm,,,listed_member,2003_clans_webpage_member_list,,"Dwarven house/clan, originally Thorin's Tribe, later renamed Durin's House.",medium,candidate,
durin_s_house,Durin's House,char_zeddicus,Zeddicus,Zeddicus Stronghand,Stronghand,Zeddicus,,listed_member,2003_clans_webpage_member_list,,"Dwarven house/clan, originally Thorin's Tribe, later renamed Durin's House.",medium,candidate,
durin_s_house,Durin's House,char_zeddicus,Zeddicus,Zeddicus,,Zeddicus,,whois_affiliation_name_match,whois_records_raw_text,whois_zeddicus_1780917466,"Zeddicus Stronghand, Warden of Durin's House is a level forty-seven Dwarven Hero [Retired]. Last login 23 years, 1 month, and 22 d…",medium,candidate,
durin_s_house,Durin's House,,Zigin,Zigin Tangledbeard,Tangledbeard,,,listed_member,2003_clans_webpage_member_list,,"Dwarven house/clan, originally Thorin's Tribe, later renamed Durin's House.",medium,candidate,
friends_to_the_death,Friends to the Death,,Alohran,Alohran,,,leader; founder,founder,2003_clans_webpage_member_list,,"Formed before Nasty Mewlip's Inn by Garou, Krl, and Alohran.",medium_high,candidate,
friends_to_the_death,Friends to the Death,,Garou,Garou,,,founder,founder,2003_clans_webpage_member_list,,"Formed before Nasty Mewlip's Inn by Garou, Krl, and Alohran.",medium_high,candidate,
friends_to_the_death,Friends to the Death,,Krl,Krl,,,founder,founder,2003_clans_webpage_member_list,,"Formed before Nasty Mewlip's Inn by Garou, Krl, and Alohran.",medium_high,candidate,
riders_of_rohan,Riders of Rohan,,Nian,Nian,,,founder,founder,2003_clans_webpage_member_list,,Founded by Rohwan and Nian; honour/society/army of the south against Sauron.,medium_high,candidate,
riders_of_rohan,Riders of Rohan,,Rohwan,Rohwan,,,founder,founder,2003_clans_webpage_member_list,,Founded by Rohwan and Nian; honour/society/army of the south against Sauron.,medium_high,candidate,
scouts_of_rivendell,Scouts of Rivendell,,Fathra,Fathra,,,,listed_contact,2003_clans_webpage_member_list,,Imladris/Rivendell defence and xp/pk/pbs group; semi to heavy RP; seeking alliances.,medium,candidate,
scouts_of_rivendell,Scouts of Rivendell,,Jedgron,Jedgron,,,,listed_contact,2003_clans_webpage_member_list,,Imladris/Rivendell defence and xp/pk/pbs group; semi to heavy RP; seeking alliances.,medium,candidate,
scouts_of_rivendell,Scouts of Rivendell,,Lang,Lang,,,,listed_contact,2003_clans_webpage_member_list,,Imladris/Rivendell defence and xp/pk/pbs group; semi to heavy RP; seeking alliances.,medium,candidate,
scouts_of_rivendell,Scouts of Rivendell,,Letholes,Letholes,,,,listed_contact,2003_clans_webpage_member_list,,Imladris/Rivendell defence and xp/pk/pbs group; semi to heavy RP; seeking alliances.,medium,candidate,
shire_shock_troops,Shire Shock Troops,char_rippin,Rippin,Rippin,,Rippin,,listed_member,2003_clans_webpage_member_list,,Retired fun clan for unexpected skills and humour; began in first half of MUME VII.,medium,candidate,
shire_shock_troops,Shire Shock Troops,char_rippin,Rippin,Rippin,,Rippin,,whois_acronym_match,whois_records_raw_text,whois_rippin_1780915288,"Rippin Hood, Second Lieutenant of the SST is a level thirty-six Fallohide Bodyguard [Retired]. Last login 23 years, 11 months,…",candidate,candidate,Acronym can be ambiguous; review matches.
shire_shock_troops,Shire Shock Troops,char_rippin,Rippin,Rippin,,Rippin,,whois_title_phrase_match,whois_records_raw_text,whois_rippin_1780915288,"Rippin Hood, Second Lieutenant of the SST is a level thirty-six Fallohide Bodyguard [Retired]. Last login 23 years, 11 months,…",medium,candidate,
shire_shock_troops,Shire Shock Troops,,Trapano,Trapano,,,,listed_member,2003_clans_webpage_member_list,,Retired fun clan for unexpected skills and humour; began in first half of MUME VII.,medium,candidate,
shire_shock_troops,Shire Shock Troops,char_vincenzo,Vincenzo,Vincenzo,,Vincenzo,,listed_member,2003_clans_webpage_member_list,,Retired fun clan for unexpected skills and humour; began in first half of MUME VII.,medium,candidate,
shire_shock_troops,Shire Shock Troops,char_vincenzo,Vincenzo,Vincenzo,,Vincenzo,,whois_acronym_match,whois_records_raw_text,whois_vincenzo_1780917127,"Vincenzo Vigilante, Crimson Sage of the SST is a level thirty-three Harfoot Sage [Retired]. Last login 24 years, 5 months, and 4…",candidate,candidate,Acronym can be ambiguous; review matches.
shire_shock_troops,Shire Shock Troops,char_vincenzo,Vincenzo,Vincenzo,,Vincenzo,,whois_title_phrase_match,whois_records_raw_text,whois_vincenzo_1780917127,"Vincenzo Vigilante, Crimson Sage of the SST is a level thirty-three Harfoot Sage [Retired]. Last login 24 years, 5 months, and 4…",medium,candidate,
shire_shock_troops,Shire Shock Troops,,Whity,Whity,,,,listed_member,2003_clans_webpage_member_list,,Retired fun clan for unexpected skills and humour; began in first half of MUME VII.,medium,candidate,
the_brotherhood_of_the_squirrel,The Brotherhood of the Squirrel,,Aldar,Aldar,,,,listed_contact,2003_clans_webpage_member_list,,Listed as BOTS - The Brotherhood of the Squirrel.,medium,candidate,
the_brotherhood_of_the_squirrel,The Brotherhood of the Squirrel,,Amelo,Amelo,,,,listed_contact,2003_clans_webpage_member_list,,Listed as BOTS - The Brotherhood of the Squirrel.,medium,candidate,
the_brotherhood_of_the_squirrel,The Brotherhood of the Squirrel,char_juss,Juss,Juss,,Juss,,listed_contact,2003_clans_webpage_member_list,,Listed as BOTS - The Brotherhood of the Squirrel.,medium,candidate,
the_brotherhood_of_the_squirrel,The Brotherhood of the Squirrel,,Njaa,Njaa,,,,listed_contact,2003_clans_webpage_member_list,,Listed as BOTS - The Brotherhood of the Squirrel.,medium,candidate,
the_hand_of_sauron,The Hand of Sauron,char_darkun,Darkun,Darkun,,Darkun,,whois_title_phrase_match,whois_records_raw_text,whois_darkun_1780907818,"Darkun the Angel of Darkness, Servant of Sauron is a Black Númenórean [Retired].",candidate,candidate,May indicate Hand of Sauron membership; review because lore references may overlap.
the_hand_of_sauron,The Hand of Sauron,char_dement,Dement,Dement,,Dement,,whois_alternate_name_match,whois_records_raw_text,whois_dement_1780907923,"…warrior. We took the prisoners. We are the servants of Saruman the Wise, The White Hand: The Hand that gives us man's-flesh to eat. We came out of Isengard, and led you here, and we…",medium,candidate,
the_hand_of_sauron,The Hand of Sauron,char_diamonium,Diamonium,Diamonium Dagamatri,Dagamatri,Diamonium,Ambassador of Sauron,listed_member,2003_clans_webpage_member_list,,"Orc Caves/Sauron-aligned clan/order. Only Diamonium is listed as a member in the copied text; Sauron/Loremaster and Eye/Mouth/Right Hand/Left Hand are title/lore references, not member rows.",medium,candidate,Only listed member in copied entry; Sauron/Loremaster/title examples are not member rows.
the_hand_of_sauron,The Hand of Sauron,char_diamonium,Diamonium,Diamonium,,Diamonium,,whois_title_phrase_match,whois_records_raw_text,whois_diamonium_1780907961,Diamonium the Ambassador of Sauron is an Orc [Retired]. inco,candidate,candidate,May indicate Hand of Sauron membership; review because lore references may overlap.
the_hand_of_sauron,The Hand of Sauron,char_diamonium,Diamonium,Diamonium,,Diamonium,,whois_title_phrase_match,whois_records_raw_text,whois_diamonium_1780907961,Diamonium the Ambassador of Sauron is an Orc [Retired]. inco,medium,candidate,
the_hand_of_sauron,The Hand of Sauron,char_eldrenil,Eldrenil,Eldrenil,,Eldrenil,,whois_title_phrase_match,whois_records_raw_text,whois_eldrenil_1780908502,"…ard [Retired]. Last login 18 years, 3 months, and 21 days ago from *.org. mark@ons.ca 20 of Sauron's minions have felt my wrath. I have succumbed to their fierce blows 5 times.",candidate,candidate,May indicate Hand of Sauron membership; review because lore references may overlap.
the_hand_of_sauron,The Hand of Sauron,char_liten,Liten,Liten,,Liten,,whois_title_phrase_match,whois_records_raw_text,whois_liten_1780912962,"Liten Krigare, Servant of Sauron is a level fifty-four Tarkhnarb Champion [Retired]. ._______. | \ / |…",candidate,candidate,May indicate Hand of Sauron membership; review because lore references may overlap.
the_hand_of_sauron,The Hand of Sauron,char_morannon,Morannon,Morannon,,Morannon,,whois_title_phrase_match,whois_records_raw_text,whois_morannon_1780913592,"…avery"" surpassed even by elven girls hiding in the Grey Havens. It was then the Shirriffs of Sauron were unleashed. As they issued forth from Mordor the first hobbit, bewildered and corrupt…",candidate,candidate,May indicate Hand of Sauron membership; review because lore references may overlap.
the_hand_of_sauron,The Hand of Sauron,char_morgulduin,Morgulduin,Morgulduin,,Morgulduin,,whois_title_phrase_match,whois_records_raw_text,whois_morgulduin_1780913626,"Morgulduin, Eye of Sauron is an Orc [Retired]. Remember the angry dragon!",candidate,candidate,May indicate Hand of Sauron membership; review because lore references may overlap.
the_hand_of_sauron,The Hand of Sauron,char_morgulduin,Morgulduin,Morgulduin,,Morgulduin,,whois_title_phrase_match,whois_records_raw_text,whois_morgulduin_1780913626,"Morgulduin, Eye of Sauron is an Orc [Retired]. Remember the angry dragon!",candidate,candidate,
the_hand_of_sauron,The Hand of Sauron,char_nazalbeth,Nazalbeth,Nazalbeth,,Nazalbeth,,whois_title_phrase_match,whois_records_raw_text,whois_nazalbeth_1780913955,Nazalbeth the blackened heart of Sauron is a level thirty-eight Black Númenórean Wizard [Retired]. ICQ: 220647941,candidate,candidate,May indicate Hand of Sauron membership; review because lore references may overlap.
the_hand_of_sauron,The Hand of Sauron,char_pretty,Pretty,Pretty,,Pretty,,whois_title_phrase_match,whois_records_raw_text,whois_pretty_1780914858,Pretty boy the toy of Sauron is a Troll [Retired].,candidate,candidate,May indicate Hand of Sauron membership; review because lore references may overlap.
the_hand_of_sauron,The Hand of Sauron,char_prey,Prey,Prey,,Prey,,whois_title_phrase_match,whois_records_raw_text,whois_prey_1780914863,"Prey of Evil, Servant of Sauron is a level thirty-seven Tarkhnarb Champion [Retired]. Prey for all whitepukes - Let…",candidate,candidate,May indicate Hand of Sauron membership; review because lore references may overlap.
the_seventh_battalion,The Seventh Battalion,char_khad,Khad,Khad,,Khad,,whois_acronym_match,whois_records_raw_text,whois_khad_1780912412,"Khad the Guide, 7th Tumunzahar Battalion is a level forty-one Dwarven Battlemaster [Retired]. Last login…",candidate,candidate,Acronym can be ambiguous; review matches.
the_seventh_battalion,The Seventh Battalion,char_khad,Khad,Khad,,Khad,,whois_alternate_name_match,whois_records_raw_text,whois_khad_1780912412,"Khad the Guide, 7th Tumunzahar Battalion is a level forty-one Dwarven Battlemaster [Retired]. Last login 22 years, 8 months, a…",medium,candidate,
the_seventh_battalion,The Seventh Battalion,char_tauno,Tauno,Tauno,,Tauno,,whois_acronym_match,whois_records_raw_text,whois_tauno_1780819357,"Tauno Tumpelo, 7th Tumunzahar Battalion is a level forty Dwarven Ranger [Retired]. Last login 20 years,…",candidate,candidate,Acronym can be ambiguous; review matches.
the_seventh_battalion,The Seventh Battalion,char_tauno,Tauno,Tauno,,Tauno,,whois_alternate_name_match,whois_records_raw_text,whois_tauno_1780819357,"Tauno Tumpelo, 7th Tumunzahar Battalion is a level forty Dwarven Ranger [Retired]. Last login 20 years, 8 months, and 4 days…",medium,candidate,
the_seventh_battalion,The Seventh Battalion,char_tauno,Tauno,Tauno,,Tauno,,whois_title_phrase_match,whois_records_raw_text,whois_tauno_1780819357,"…y Dwarven Ranger [Retired]. Last login 20 years, 8 months, and 4 days ago from *.fi. Foot Soldier, 7th Tumunzahar Battalion",medium,candidate,
the_seventh_battalion,The Seventh Battalion,char_tauno,Tauno,Tauno,,Tauno,,whois_acronym_match,whois_records_raw_text,whois_tauno_1780894014,"Tauno Tumpelo, 7th Tumunzahar Battalion is a level forty Dwarven Ranger [Retired]. Last login 20 years,…",candidate,candidate,Acronym can be ambiguous; review matches.
the_seventh_battalion,The Seventh Battalion,char_tauno,Tauno,Tauno,,Tauno,,whois_alternate_name_match,whois_records_raw_text,whois_tauno_1780894014,"Tauno Tumpelo, 7th Tumunzahar Battalion is a level forty Dwarven Ranger [Retired]. Last login 20 years, 8 months, and 5 days…",medium,candidate,
the_seventh_battalion,The Seventh Battalion,char_tauno,Tauno,Tauno,,Tauno,,whois_title_phrase_match,whois_records_raw_text,whois_tauno_1780894014,"…y Dwarven Ranger [Retired]. Last login 20 years, 8 months, and 5 days ago from *.fi. Foot Soldier, 7th Tumunzahar Battalion ![ CW>",medium,candidate,
troll_kamikaze_squadron,Troll Kamikaze Squadron,char_beastly,Beastly,Beastly,,Beastly,,listed_member,2003_clans_webpage_member_list,,Retired troll group; copied entry says the listed members are incomplete.,medium,candidate,
troll_kamikaze_squadron,Troll Kamikaze Squadron,,Hogga,Hogga,,,,listed_member,2003_clans_webpage_member_list,,Retired troll group; copied entry says the listed members are incomplete.,medium,candidate,
troll_kamikaze_squadron,Troll Kamikaze Squadron,char_kakarot,Kakarot,Kakarot,,Kakarot,,alias_or_alternate_character,2003_clans_webpage_member_list,,Retired troll group; copied entry says the listed members are incomplete.,candidate,candidate,Aliases/alternate names for Kill in copied text; review before treating as separate members.
troll_kamikaze_squadron,Troll Kamikaze Squadron,,Kill,Kill,,,,listed_member,2003_clans_webpage_member_list,,Retired troll group; copied entry says the listed members are incomplete.,medium,candidate,Also known as Stussy/Kakarot according to copied text; aliases recorded separately as aliases/candidates.
troll_kamikaze_squadron,Troll Kamikaze Squadron,char_krossen,Krossen,Krossen,,Krossen,,listed_member,2003_clans_webpage_member_list,,Retired troll group; copied entry says the listed members are incomplete.,medium,candidate,
troll_kamikaze_squadron,Troll Kamikaze Squadron,char_krossen,Krossen,Krossen,,Krossen,,whois_affiliation_name_match,whois_records_raw_text,whois_krossen_1780912681,Krossen S of the Troll Kamikaze Squadron is a level thirty Mountain Troll Warrior [Retired]. One sundeath at level 28. (990108…,medium,candidate,
troll_kamikaze_squadron,Troll Kamikaze Squadron,,Lolli,Lolli,,,,listed_member,2003_clans_webpage_member_list,,Retired troll group; copied entry says the listed members are incomplete.,medium,candidate,
troll_kamikaze_squadron,Troll Kamikaze Squadron,char_stussy,Stussy,Stussy,,Stussy,,alias_or_alternate_character,2003_clans_webpage_member_list,,Retired troll group; copied entry says the listed members are incomplete.,candidate,candidate,Aliases/alternate names for Kill in copied text; review before treating as separate members.
troll_kamikaze_squadron,Troll Kamikaze Squadron,char_tommy,Tommy,Tommy,,Tommy,,listed_member,2003_clans_webpage_member_list,,Retired troll group; copied entry says the listed members are incomplete.,medium,candidate,
troll_kamikaze_squadron,Troll Kamikaze Squadron,char_zed,Zed,Zed,,Zed,founder,founder,2003_clans_webpage_member_list,,Retired troll group; copied entry says the listed members are incomplete.,medium_high,candidate,
troll_kamikaze_squadron,Troll Kamikaze Squadron,char_zed,Zed,Zed,,Zed,,whois_affiliation_name_match,whois_records_raw_text,whois_zed_1780917459,Zed Dredd of the Troll Kamikaze Squadron is a level thirty-three Cave Troll Warrior [Retired].,medium,candidate,
